signatureid	compound	similarity
LINCSCP_120239	Ritonavir	1
LINCSCP_121152	Taranabant	0.606
LINCSCP_121711	phylloquinone	0.6007
LINCSCP_98977	Rupatadine Fumarate	0.5882
LINCSCP_138780	Rottlerin	0.5859
LINCSCP_121168	CEFEPIME HYDROCHLORIDE	0.5812
LINCSCP_121349	MK-0812	0.5689
LINCSCP_37812	SA-102787	0.5672
LINCSCP_119911	Praziquantel	0.5573
LINCSCP_120561	FK 866	0.5528
LINCSCP_121201	EXALAMIDE	0.5377
LINCSCP_137769	amisulpride	0.5319
LINCSCP_122199	ICI 182,780	0.5257
LINCSCP_119960	heraclenol	0.5244
LINCSCP_75278	Foretinib	0.5236
LINCSCP_169465	ZIDOVUDINE [AZT]	0.5217
LINCSCP_99915	Linifanib	0.521
LINCSCP_120451	Temoporfin	0.5204
LINCSCP_81576	BRD-K01425431	0.5198
LINCSCP_122518	Acetazolamide	0.518
LINCSCP_154869	BRD-K00816165	0.5179
LINCSCP_92935	Ixabepilone	0.5178
LINCSCP_97292	Azelastine	0.5177
LINCSCP_104966	Tebipenem Pivoxil	0.5163
LINCSCP_116083	EX-8678	0.5139
LINCSCP_120431	Halofantrine	0.5139
LINCSCP_120684	3-N-Propylxanthine	0.5133
LINCSCP_137881	Methazolamide	0.5127
LINCSCP_12368	Wortmannin	0.512
LINCSCP_121252	YM 976	0.5107
LINCSCP_110353	BX471	0.5104
LINCSCP_121318	Doxazosin	0.5091
LINCSCP_172800	tetrahydropalmatine	0.5078
LINCSCP_74585	Nepafenac	0.5072
LINCSCP_137009	(-)-Tramadol	0.5066
LINCSCP_135457	Glimepiride	0.5065
LINCSCP_143960	Trapidil	0.5055
LINCSCP_103031	LCQ-908	0.5031
LINCSCP_136608	GDC-0980 (RG7422)	0.5013
LINCSCP_119973	FAMPRIDINE	0.5002
LINCSCP_138242	Fluconazole	0.5001
LINCSCP_121339	Bitopertin	0.4995
LINCSCP_120382	10-DEBC	0.4993
LINCSCP_122089	Epitiostanol	0.4992
LINCSCP_136281	Alectinib	0.4976
LINCSCP_137627	MBX-2982	0.4975
LINCSCP_154902	Chenodeoxycholic Acid	0.4974
LINCSCP_52563	Pyrazolanthrone	0.4966
LINCSCP_37187	SA-97378	0.4957
LINCSCP_98991	Alvimopan (monohydrate)	0.4952
LINCSCP_75164	RG2833 (RGFP109)	0.4926
LINCSCP_98998	Mycophenolate Mofetil	0.4921
LINCSCP_111770	TAE-684	0.4918
LINCSCP_260603	SA-1457415	0.4917
LINCSCP_170727	Epirizole	0.4912
LINCSCP_121411	Berberine	0.4904
LINCSCP_120886	Bicalutamide	0.4902
LINCSCP_134841	AMIKACIN HYDRATE	0.4901
LINCSCP_143965	Bifonazole	0.4895
LINCSCP_163384	SB590885	0.4895
LINCSCP_253139	NSC95397	0.4891
LINCSCP_120506	Tonabersat	0.4878
LINCSCP_120714	UREA	0.4855
LINCSCP_170602	Mepivacaine	0.4842
LINCSCP_136271	Aspirin	0.4827
LINCSCP_106646	Ozagrel	0.4827
LINCSCP_127962	Piperidolate	0.4826
LINCSCP_92889	Carfilzomib (PR-171)	0.4823
LINCSCP_240266	GW501516	0.4818
LINCSCP_122259	Efaproxiral Sodium	0.4818
LINCSCP_30947	MLS001065903	0.4818
LINCSCP_235631	Troglitazone	0.4813
LINCSCP_164534	Vandetanib	0.4803
LINCSCP_201609	Mitoxantrone	0.4795
LINCSCP_120692	Cevimeline hydrochloride	0.4793
LINCSCP_103072	BRD-K01335708	0.4776
LINCSCP_70261	852475-26-4	0.4767
LINCSCP_257279	6,10,10B-Trihydroxy-3,4a,7,7,10a-pentamethyl-1-oxo-3-vinyldodecahydro-1H-benzo[f]chromen-5-yl acetate	0.4763
LINCSCP_121949	CI-218872	0.475
LINCSCP_124650	Desmopressin	0.475
LINCSCP_278192	BRD-K80400482	0.4747
LINCSCP_168441	Sorafenib	0.4742
LINCSCP_29360	423735-93-7	0.4733
LINCSCP_253690	SA-1921599	0.4732
LINCSCP_154615	Eplerenone	0.472
LINCSCP_31848	KM04501	0.4716
LINCSCP_36151	NVP-AUY922	0.4709
LINCSCP_80228	AZD5363	0.4692
LINCSCP_120534	Esculin	0.4692
LINCSCP_86524	TPCA-1	0.4685
LINCSCP_105930	LY2228820	0.4683
LINCSCP_132947	Tamatinib	0.4682
LINCSCP_100613	BIX01294	0.4681
LINCSCP_122245	Conivaptan HCl	0.4677
LINCSCP_167370	Dolutegravir (GSK1349572)	0.4677
LINCSCP_81063	Vemurafenib	0.4673
LINCSCP_172806	Famciclovir	0.4672
LINCSCP_121391	STOCK1N-09285	0.4672
LINCSCP_144143	RS-127445	0.4664
LINCSCP_54748	3,7-Bis(dimethylamino)phenothiazin-5-ium	0.4662
LINCSCP_120767	Epivincamine	0.4653
LINCSCP_163843	Alvocidib	0.4653
LINCSCP_115972	PD-173074	0.4651
LINCSCP_138173	Nebivolol	0.465
LINCSCP_279572	BRD-K99842945	0.4647
LINCSCP_31940	CID 75060947	0.4632
LINCSCP_120153	Pidotimod	0.4626
LINCSCP_168461	AT-9283	0.4623
LINCSCP_122273	AC1NWAQV	0.4622
LINCSCP_12927	BAY-117821	0.4606
LINCSCP_253795	BRD-K74671783	0.4606
LINCSCP_231705	BRD-K21576808	0.4606
LINCSCP_136952	Propylthiouracil	0.4603
LINCSCP_170768	Efavirenz	0.4603
LINCSCP_102939	Mubritinib (TAK 165)	0.4601
LINCSCP_147796	848193-68-0	0.4584
LINCSCP_36564	PF-562271	0.4578
LINCSCP_170201	PF-04691502	0.4575
LINCSCP_164966	TAK-715	0.4573
LINCSCP_36499	sorafenib	0.4568
LINCSCP_37176	SA-96816	0.4568
LINCSCP_287703	Quinine	0.4564
LINCSCP_156289	Penfluridol	0.4549
LINCSCP_149565	Tivantinib	0.4542
LINCSCP_124716	E 2012	0.4535
LINCSCP_95889	Talnetant	0.4532
LINCSCP_153315	SCIO 469 hydrochloride	0.4529
LINCSCP_122370	Vinburnine	0.4529
LINCSCP_54762	Tolazamide	0.4519
LINCSCP_122502	AMD-070 (hydrochloride)	0.4515
LINCSCP_176066	STK009254	0.4514
LINCSCP_239406	AD-193/42475508	0.4502
LINCSCP_149927	(R)-(-)-Jq1 enantiomer	0.45
LINCSCP_121442	Swainsonine	0.4498
LINCSCP_172976	Zonisamide	0.4489
LINCSCP_168802	PI-103	0.4487
LINCSCP_138737	Alizapride	0.4483
LINCSCP_111652	MK-2206	0.4479
LINCSCP_254006	W 7	0.4478
LINCSCP_120456	Felbamate	0.4478
LINCSCP_35670	CHEMBL3183436	0.4473
LINCSCP_122499	127408-30-4	0.4468
LINCSCP_52115	AO-081/15245014	0.4467
LINCSCP_41340	Pirinixic acid	0.4466
LINCSCP_41702	MLS000038113	0.4454
LINCSCP_74190	AMG-517	0.4452
LINCSCP_104338	L-690330	0.4451
LINCSCP_79959	AZD7545	0.4449
LINCSCP_260216	SA-1939938	0.4444
LINCSCP_121321	Rimonabant	0.4437
LINCSCP_91632	Fosinopril	0.4435
LINCSCP_143693	Rotigotine	0.4433
LINCSCP_138351	AC1Q5RFA	0.4431
LINCSCP_155437	Perindopril	0.4426
LINCSCP_86542	1166227-08-2	0.4422
LINCSCP_131434	Imatinib	0.4412
LINCSCP_92574	Lorazepam	0.4409
LINCSCP_220015	ST019386	0.4408
LINCSCP_130169	936890-98-1	0.4401
LINCSCP_85938	Withaferin A	0.4396
LINCSCP_110946	Hesperidin	0.4396
LINCSCP_236901	MLS001065881	0.4395
LINCSCP_237325	KUC103670	0.4391
LINCSCP_36393	SMR000162699	0.4389
LINCSCP_137965	Cinoxacin	0.4386
LINCSCP_122161	Roflumilast	0.4383
LINCSCP_41776	AC1MEEHF	0.4383
LINCSCP_144525	Pranlukast	0.4379
LINCSCP_204530	KBIO2_001961	0.4377
LINCSCP_7227	Dehydroepiandrosterone Acetate	0.4377
LINCSCP_120472	NG,NG-Dimethyl-L-arginine, Dihydrochloride	0.4375
LINCSCP_53549	7-Nitroindazole	0.4363
LINCSCP_85453	Neratinib	0.4363
LINCSCP_172788	Ticagrelor	0.4359
LINCSCP_121485	Ammonium Glycyrrhizinate	0.4356
LINCSCP_138215	Nicotine	0.4353
LINCSCP_111780	CHEMBL585951	0.4346
LINCSCP_120729	fluocinolone-acetonide	0.4343
LINCSCP_175651	16,16-Dimethyl prostaglandin e2	0.434
LINCSCP_103192	Chrysin	0.4333
LINCSCP_223175	AC1NWAPO	0.433
LINCSCP_122393	Ketorolac	0.4324
LINCSCP_120624	BRD-A03684405	0.4318
LINCSCP_108312	Nemonapride	0.4316
LINCSCP_119698	Iniparib	0.4315
LINCSCP_86064	noscapine	0.4313
LINCSCP_131124	C19H19FN4O3	0.43120000000000003
LINCSCP_152490	ZINC77024257	0.431
LINCSCP_96099	Meclofenamic acid	0.4308
LINCSCP_88676	Olaparib	0.4305
LINCSCP_288760	KUC107191N	0.4304
LINCSCP_138010	Alaproclate	0.4301
LINCSCP_95974	Ivermectin	0.4299
LINCSCP_253640	SA-1455938	0.4298
LINCSCP_168674	Baricitinib	0.4297
LINCSCP_91485	Ornidazole	0.429
LINCSCP_148602	Rebastinib	0.4289
LINCSCP_84526	Dasatinib	0.4289
LINCSCP_147262	CC-401	0.4288
LINCSCP_162809	AKT Inhibitor VIII	0.4288
LINCSCP_88947	GSK-J2	0.4283
LINCSCP_168798	Cobicistat (GS-9350)	0.4282
LINCSCP_168786	SU-11652	0.4282
LINCSCP_11517	Thioproperazine	0.428
LINCSCP_237256	VU0413807-2	0.4277
LINCSCP_120958	GDC-0834 (Racemate)	0.4277
LINCSCP_162655	Dihydroorotate Dehydrogenase Inhibitor, Brequinar	0.4276
LINCSCP_138465	Adarotene	0.4276
LINCSCP_146717	KU-55933	0.427
LINCSCP_101640	PRX-08066 Maleic acid	0.427
LINCSCP_53602	Carbamazepine	0.427
LINCSCP_37771	IC 261	0.4269
LINCSCP_29134	Niclosamide	0.4267
LINCSCP_65396	BRD-K06973013	0.4263
LINCSCP_260623	BRD-K75693278	0.426
LINCSCP_54000	RO-281675	0.4256
LINCSCP_41627	BRN 1087718	0.4253
LINCSCP_112393	Vorinostat	0.4252
LINCSCP_75632	Nateglinide	0.425
LINCSCP_178722	Parecoxib	0.4249
LINCSCP_158314	Etoricoxib	0.4249
LINCSCP_32263	NSC126859	0.4248
LINCSCP_31367	SMR000031368	0.4247
LINCSCP_111813	Selumetinib	0.4245
LINCSCP_260666	SA-244358	0.4245
LINCSCP_154879	Temsirolimus (CCI-779, NSC 683864)	0.4245
LINCSCP_114208	GSK 525762A	0.4242
LINCSCP_92940	Raclopride	0.4238
LINCSCP_172647	SDZ NKT 343	0.4237
LINCSCP_99383	Tozasertib	0.4237
LINCSCP_236382	Corynantheine	0.4232
LINCSCP_127041	Cromakalim	0.4232
LINCSCP_121195	Griseofulvin	0.4231
LINCSCP_168112	Neostigmine	0.4227
LINCSCP_73374	XL335	0.4221
LINCSCP_136380	Ruxolitinib	0.422
LINCSCP_286461	PK-11195	0.4219
LINCSCP_88146	SCHEMBL1564574	0.4219
LINCSCP_103127	Moricizine	0.4216
LINCSCP_121290	Pentamidine	0.4211
LINCSCP_12971	Pevonedistat	0.421
LINCSCP_117208	Infigratinib	0.4206
LINCSCP_86226	BI-2536	0.4203
LINCSCP_127737	Tadalafil	0.4201
LINCSCP_37766	Vitinoin	0.42
LINCSCP_117270	CGP 60474	0.42
LINCSCP_164961	CHEMBL2132289	0.42
LINCSCP_13002	16Beta-bromoandrosterone	0.42
LINCSCP_65589	BRD-K16479870	0.42
LINCSCP_154908	AMG 837 (calcium hydrate)	0.4198
LINCSCP_144557	Rosiglitazone	0.4193
LINCSCP_27321	BIM0133	0.4191
LINCSCP_122470	Tasisulam	0.419
LINCSCP_243593	SPBIO_002239	0.4189
LINCSCP_236875	SMR001317788	0.4189
LINCSCP_114996	BX 912	0.4188
LINCSCP_37560	CHEMBL399379	0.4185
LINCSCP_178769	Paroxetine	0.4182
LINCSCP_165436	Masitinib	0.4181
LINCSCP_120334	LXR-623	0.4179
LINCSCP_122545	Defactinib	0.4178
LINCSCP_137669	Tioconazole	0.4177
LINCSCP_138721	ABT-333	0.4176
LINCSCP_37158	SA-1939064	0.4174
LINCSCP_92211	Flutamide	0.4169
LINCSCP_220123	STK581349	0.4167
LINCSCP_121827	Benoxinate	0.4167
LINCSCP_103825	Amodiaquine	0.4166
LINCSCP_1955	Enalaprilat	0.4165
LINCSCP_226615	Nefopam	0.4163
LINCSCP_19826	MLS002264411	0.4161
LINCSCP_121492	Iguratimod	0.416
LINCSCP_135916	Ergothioneine	0.4154
LINCSCP_175820	Fenoterol	0.4153
LINCSCP_121452	Bemegride	0.4153
LINCSCP_32171	FPA1_000240	0.415
LINCSCP_121751	AC480 (BMS-599626)	0.4149
LINCSCP_175772	Indapamide	0.4149
LINCSCP_90624	MG-132	0.4148
LINCSCP_279752	Entinostat	0.4145
LINCSCP_73577	Trimethobenzamide	0.4143
LINCSCP_86017	AT-7519	0.4143
LINCSCP_71644	ARTESUNATE	0.4138
LINCSCP_138941	Reboxetine mesylate	0.4137
LINCSCP_69192	PIK-93	0.4135
LINCSCP_260658	SA-441092	0.413
LINCSCP_225718	Valacyclovir	0.413
LINCSCP_30598	9-Cis retinol	0.4126
LINCSCP_120552	Tetradecylthioacetic acid	0.4125
LINCSCP_26537	MLS-0435534.0001	0.4124
LINCSCP_149017	UNC0638	0.4122
LINCSCP_138254	AZ628	0.4117
LINCSCP_37194	BRD-K82494270	0.4112
LINCSCP_172933	Flavoxate	0.4111
LINCSCP_208825	CHEMBL153158	0.4111
LINCSCP_17895	Bucladesine	0.4111
LINCSCP_165721	UNC1215	0.411
LINCSCP_119009	Bifemelane	0.4106
LINCSCP_121106	Fenticonazole Nitrate	0.4106
LINCSCP_156222	Emedastine	0.4105
LINCSCP_115337	CI-1040	0.4103
LINCSCP_22275	MLS-0315871.0001	0.4097
LINCSCP_88575	BMS-509744	0.4094
LINCSCP_168809	TORIN1	0.4093
LINCSCP_170910	LY451395	0.4092
LINCSCP_87230	triptolide	0.4091
LINCSCP_37697	CHEMBL2362834	0.4091
LINCSCP_37327	SA-1919710	0.409
LINCSCP_52308	BRD-K96433222-001-01-3	0.4085
LINCSCP_32426	H7	0.4084
LINCSCP_122440	(E)-5-((4-((2-Carboxyethyl)carbamoyl)phenyl)diazenyl)-2-hydroxybenzoic acid	0.4083
LINCSCP_77478	Diethylstilbestrol	0.408
LINCSCP_130719	Alpelisib	0.408
LINCSCP_253496	SA-1973507	0.4076
LINCSCP_121159	Tipiracil (hydrochloride)	0.4075
LINCSCP_121703	Nafamostat Mesylate	0.4075
LINCSCP_53488	L-690488	0.4075
LINCSCP_34142	Amoxicillin	0.4074
LINCSCP_77532	Zofenopril (calcium)	0.4069
LINCSCP_262300	CHEMBL168972	0.4067
LINCSCP_137606	BRD-A69421747	0.4066
LINCSCP_122558	Dopamine	0.4065
LINCSCP_162848	Enzastaurin	0.4064
LINCSCP_10838	CID 6167421	0.406
LINCSCP_253617	vincristine	0.4058
LINCSCP_44566	AMG-9810	0.4056
LINCSCP_116481	Momelotinib	0.4052
LINCSCP_260845	CGS-15943	0.4052
LINCSCP_138056	MILNACIPRAN HYDROCHLORIDE	0.4052
LINCSCP_88743	PFI-1	0.4051
LINCSCP_147618	SB525334	0.4049
LINCSCP_120023	AV-412 (free base)	0.4048
LINCSCP_82374	Tranylcypromine	0.4045
LINCSCP_119930	Mizolastine	0.4044
LINCSCP_32664	Lithocholic acid	0.4044
LINCSCP_146494	PCI-32765	0.4041
LINCSCP_206714	Skiii	0.4041
LINCSCP_17633	LE-135	0.4038
LINCSCP_105672	Anandamide	0.4036
LINCSCP_279676	Panobinostat	0.4036
LINCSCP_121998	Pimozide	0.4035
LINCSCP_124559	Penciclovir	0.4034
LINCSCP_120272	Clomipramine	0.4034
LINCSCP_120367	Sulpiride	0.4032
LINCSCP_137727	Theobromine	0.4029
LINCSCP_44854	Auranofin	0.4028
LINCSCP_26015	N-(4-(4-Hydroxypiperidin-1-yl)but-2-ynyl)-n-methylacetamide	0.4028
LINCSCP_127715	Isoconazole	0.4028
LINCSCP_11522	Tiotidine	0.4028
LINCSCP_74824	Fiacitabine	0.4026
LINCSCP_173120	Capsaicin	0.4026
LINCSCP_155543	BRD-A83706824	0.4025
LINCSCP_75230	Raltegravir	0.4023
LINCSCP_110848	GSK-461364	0.4022
LINCSCP_254202	SA-424380	0.4021
LINCSCP_31594	MLS002554296	0.4017
LINCSCP_114937	SU 11274	0.4017
LINCSCP_11524	MEK1/2 Inhibitor	0.4015
LINCSCP_260298	SA-96805	0.4014
LINCSCP_31893	BRD-K21165668	0.4012
LINCSCP_102845	ICI 162846	0.4002
LINCSCP_100644	I-BET151	0.4
LINCSCP_264009	BG-1018	0.3999
LINCSCP_173539	Nilotinib	0.3998
LINCSCP_84987	CHIR-265	0.3995
LINCSCP_137502	Rifabutin	0.3994
LINCSCP_176294	Relcovaptan	0.3994
LINCSCP_49293	Broad-Sai-686	0.3994
LINCSCP_122363	Lenvatinib (E7080)	0.3994
LINCSCP_73945	Amlexanox	0.399
LINCSCP_91411	ITRACONAZOLE HYDROCHLORIDE	0.399
LINCSCP_129880	Canertinib	0.3989
LINCSCP_121118	Rolipram	0.3986
LINCSCP_175865	Cladribine	0.3985
LINCSCP_144543	Dihydroergocristine	0.3982
LINCSCP_119455	Arg-Gly-Asp-Ser	0.3981
LINCSCP_117754	Rigosertib	0.398
LINCSCP_18321	GW-0742	0.398
LINCSCP_52516	Doxorubicin	0.398
LINCSCP_120598	Moxonidine	0.3978
LINCSCP_6967	Hypericin	0.3978
LINCSCP_52111	CHEMBL2142321	0.3977
LINCSCP_19676	MLS002264499	0.3975
LINCSCP_39470	Doramapimod	0.3975
LINCSCP_119948	Pantoprazole	0.3974
LINCSCP_85962	BMS-387032	0.3972
LINCSCP_283572	BRD-K69406317-001-01-8	0.397
LINCSCP_88263	CHEMBL1673039	0.3969
LINCSCP_138314	Deferiprone	0.3968
LINCSCP_138376	Esmolol	0.3966
LINCSCP_250523	FTI276	0.3965
LINCSCP_24853	SB-203580	0.3965
LINCSCP_147722	Veliparib	0.3963
LINCSCP_31835	AC1MG7IW	0.3959
LINCSCP_88271	Amuvatinib	0.3959
LINCSCP_227109	AC1NWAKU	0.3958
LINCSCP_121403	Tasquinimod	0.3956
LINCSCP_100883	Ponatinib	0.3955
LINCSCP_97538	SPECTRUM_000011	0.3955
LINCSCP_111541	AZD-8055	0.3953
LINCSCP_149984	Ricolinostat	0.3953
LINCSCP_56491	Tetramisole	0.3952
LINCSCP_146504	COT Inhibitor-2	0.3949
LINCSCP_223967	RS-79948	0.3948
LINCSCP_33818	BRD-K06592610	0.3947
LINCSCP_137612	BRD-A82197375	0.3947
LINCSCP_52725	Mibefradil	0.3947
LINCSCP_11556	Doxepin	0.3945
LINCSCP_155061	Pregnenolone	0.3941
LINCSCP_166289	TIE2 Kinase Inhibitor	0.394
LINCSCP_31586	SMR000024485	0.3937
LINCSCP_24787	SB-216763	0.3937
LINCSCP_149124	EMF-sumo1-1	0.3931
LINCSCP_172768	Lafutidine	0.3929
LINCSCP_31953	ST50840204	0.3927
LINCSCP_172518	Methoxsalen	0.3924
LINCSCP_128797	GSK J4	0.3922
LINCSCP_14697	Mephentermine	0.3919
LINCSCP_168395	Diphenylpyraline	0.3919
LINCSCP_144175	SPIRONOLACTONE	0.3918
LINCSCP_217417	Midodrine	0.3917
LINCSCP_225130	KUC103882	0.3915
LINCSCP_237870	MLS003337114	0.3914
LINCSCP_37139	SA-427604	0.3913
LINCSCP_239510	STK199030	0.3912
LINCSCP_11445	Oxindole I	0.3911
LINCSCP_115204	PHA-665752	0.391
LINCSCP_118493	Cisatracurium Besylate	0.391
LINCSCP_172428	Sarsasapogenin	0.3909
LINCSCP_14554	Gamolenic acid	0.3908
LINCSCP_18862	R-N-Propylnorapomorphine	0.3907
LINCSCP_151414	AS-605240	0.3906
LINCSCP_309878	BRD-K31788299	0.3905
LINCSCP_254047	BRD-K01282863	0.3904
LINCSCP_289890	Phenazopyridine	0.3903
LINCSCP_90717	Chlorthalidone	0.3902
LINCSCP_1952	CPD000469235	0.39
LINCSCP_48677	BRD-K56647759	0.3898
LINCSCP_85901	Palbociclib	0.3896
LINCSCP_30250	NSC169534	0.3893
LINCSCP_239939	Cilomilast	0.3893
LINCSCP_100704	Decitabine	0.3893
LINCSCP_132430	Apitolisib (gdc-0980, rg7422)	0.3891
LINCSCP_119342	SPARFLOXACIN	0.3891
LINCSCP_30622	PF-04217903	0.3891
LINCSCP_175746	Diosmin	0.3889
LINCSCP_131512	GW843682X	0.3888
LINCSCP_90436	Prochlorperazine	0.3887
LINCSCP_111324	SCHEMBL570779	0.3887
LINCSCP_38626	Curcumin	0.3887
LINCSCP_172626	AMG 232	0.3886
LINCSCP_136318	SPECTRUM_001048	0.3886
LINCSCP_121139	Tezampanel	0.3885
LINCSCP_37936	BRD-K71714567	0.3884
LINCSCP_121287	AC1NWAML	0.3884
LINCSCP_33138	Benzonatate	0.3883
LINCSCP_170522	Clofoctol	0.3882
LINCSCP_73277	Toremifene	0.3882
LINCSCP_168104	Olanzapine	0.3879
LINCSCP_171661	altrenogest	0.3878
LINCSCP_1328	CHEMBL566061	0.3876
LINCSCP_253012	AM-580	0.3874
LINCSCP_15406	BSPBIO_001592	0.3873
LINCSCP_156636	BRD-A32440707	0.3873
LINCSCP_147127	JNJ-38877605	0.3873
LINCSCP_255177	MLN-8054	0.3872
LINCSCP_67742	13-Hydroxy-8,14,19-trimethoxy-4,10,12,16-tetramethyl-3,20,22-trioxo-2-azabicyclo[16.3.1]docosa-1(21),4,6,10,18-pentaen-9-yl carbamate	0.3871
LINCSCP_30370	C2-Ceramide	0.3871
LINCSCP_1912	Clarithromycin	0.3871
LINCSCP_144870	YM 201636	0.3867
LINCSCP_99315	Netupitant	0.3866
LINCSCP_52736	PP 3	0.3865
LINCSCP_30935	MLS000081884	0.3859
LINCSCP_287686	Chloroquine	0.3858
LINCSCP_111605	BMS-345541	0.3858
LINCSCP_64832	PE(15:0/20:0)	0.3858
LINCSCP_69059	CHEMBL1083527	0.3855
LINCSCP_17874	7-[4-(2-Hydroxyphenyl)-2-(trifluoromethyl)-1,3-dioxan-5-yl]hept-5-enoic acid	0.3855
LINCSCP_73254	Diethylpropion	0.3853
LINCSCP_147033	NCGC00346967-01	0.3853
LINCSCP_12815	PP-30	0.3849
LINCSCP_97337	179324-69-7	0.3849
LINCSCP_290998	Nicardipine	0.3847
LINCSCP_252787	BRD-K95545045	0.3846
LINCSCP_136503	brivanib	0.3846
LINCSCP_8023	AC1NS4NZ	0.3845
LINCSCP_136982	Zileuton	0.3843
LINCSCP_163326	Seliciclib	0.3838
LINCSCP_74500	Dofequidar (fumarate)	0.3836
LINCSCP_26327	Pramipexole	0.3834
LINCSCP_41719	CHEMBL2130683	0.3834
LINCSCP_223113	(1Ar,7as,10as,10br)-1a,5-Dimethyl-8-methylidene-2,3,6,7,7a,8,10a,10b-octahydrooxireno[9,10]cyclodeca[1,2-b]furan-9(1ah)-one	0.3832
LINCSCP_33713	Minoxidil	0.3831
LINCSCP_127742	Dexamethasone Acetate	0.383
LINCSCP_31423	KUC103884	0.383
LINCSCP_129498	Tyrphostin AG-1478	0.3829
LINCSCP_88470	CDK9 Inhibitor	0.3828
LINCSCP_116963	Dinaciclib	0.3827
LINCSCP_223889	N-Benzylquinazolin-4-amine	0.3827
LINCSCP_50835	CHEMBL179288	0.3825
LINCSCP_70318	Daminozide	0.3823
LINCSCP_30994	MLS002264487	0.3822
LINCSCP_152501	WHI-P97	0.3821
LINCSCP_170554	BMS-299897	0.3821
LINCSCP_31402	MLS002264419	0.3821
LINCSCP_74779	Cabazitaxel	0.3821
LINCSCP_41862	NSC119236	0.3819
LINCSCP_11334	Piretanide	0.3818
LINCSCP_162362	Tanaproget	0.3818
LINCSCP_107778	Febuxostat	0.3816
LINCSCP_105416	Cobimetinib	0.3814
LINCSCP_154934	Anacetrapib (MK-0859)	0.3814
LINCSCP_112913	GW620972X	0.3814
LINCSCP_110992	Suvorexant (MK-4305)	0.3811
LINCSCP_88652	C30H33N3O5S	0.381
LINCSCP_225236	MLS003337117	0.381
LINCSCP_122953	Triclosan	0.3808
LINCSCP_20979	Avrainvillamide-analog-6	0.3808
LINCSCP_110591	Darifenacin	0.3808
LINCSCP_103277	Warfarin	0.3806
LINCSCP_32680	CHEMBL565584	0.3805
LINCSCP_255656	Etanidazole	0.3805
LINCSCP_204289	NSC5112	0.3804
LINCSCP_32576	GSK-0660	0.3802
LINCSCP_215940	ZINC04384996	0.3801
LINCSCP_40239	114798-26-4	0.3798
LINCSCP_279476	BRD-K45156967	0.3796
LINCSCP_80004	Pyrimethamine	0.3796
LINCSCP_85932	BRD-A24396574-001-01-5	0.3795
LINCSCP_122414	Ambrisentan	0.3794
LINCSCP_138592	Bupivacaine	0.3793
LINCSCP_31311	Etodolac	0.3792
LINCSCP_27295	Tizanidine	0.3791
LINCSCP_62748	BRD-K00636532	0.3791
LINCSCP_54595	CHEMBL1617726	0.3787
LINCSCP_122065	Amoxapine	0.3782
LINCSCP_188067	Batimastat	0.3782
LINCSCP_168512	2-Methoxyestradiol	0.3781
LINCSCP_72378	MK-5172	0.3781
LINCSCP_115611	GSK-1904529A	0.3779
LINCSCP_3059	CVF-SUMO-11	0.3779
LINCSCP_41674	SA-1938757	0.3776
LINCSCP_37459	CHEMBL3188928	0.3776
LINCSCP_122575	Pinacidil	0.3773
LINCSCP_55508	CID-2858522	0.3772
LINCSCP_239478	ZINC00164494	0.3771
LINCSCP_49088	MLS003128812	0.377
LINCSCP_86948	ABT737	0.3768
LINCSCP_121984	Anamorelin	0.3768
LINCSCP_13072	BG-1003	0.3768
LINCSCP_32798	THZ-2-98-01	0.3768
LINCSCP_18616	UNII-U7RWT9J78O	0.3765
LINCSCP_176271	PA-824	0.3764
LINCSCP_137352	Pimasertib	0.3763
LINCSCP_143508	AVL-292	0.3763
LINCSCP_203323	ST51009565	0.3762
LINCSCP_120341	Sulfadoxine	0.3762
LINCSCP_37841	AC1NUE3V	0.3762
LINCSCP_74646	LY2334737	0.3761
LINCSCP_224968	MLS002473457	0.3759
LINCSCP_88381	AZD4547	0.3759
LINCSCP_45322	CHEMBL1270705	0.3755
LINCSCP_119747	LY2801653	0.3753
LINCSCP_170567	LEVOSIMENDAN	0.375
LINCSCP_216291	MLS001116134	0.3748
LINCSCP_121415	R428	0.3748
LINCSCP_65232	BRD-K16717061	0.3747
LINCSCP_243707	Diflunisal	0.3747
LINCSCP_88590	Idelalisib	0.3746
LINCSCP_260952	SA-1922975	0.3746
LINCSCP_4372	Andreson	0.3746
LINCSCP_250666	Sildenafil	0.3745
LINCSCP_39707	Chaetocin	0.3745
LINCSCP_12286	Buparlisib	0.3744
LINCSCP_145703	Saracatinib	0.3743
LINCSCP_29966	Linsitinib	0.3743
LINCSCP_138712	Celecoxib	0.3742
LINCSCP_135556	Tofacitinib (CP-690550) Citrate	0.3742
LINCSCP_40254	SJ 172550	0.374
LINCSCP_273458	BRD-K95391106-001-01-5	0.374
LINCSCP_169638	Pomalidomide	0.374
LINCSCP_32690	CHEMBL1612418	0.3739
LINCSCP_65315	BRD-K57127959	0.3737
LINCSCP_6599	2-(2,4-Dichlorophenoxy)-n-(4-methyl-2-nitrophenyl)acetamide	0.3737
LINCSCP_86356	AZD-5438	0.3737
LINCSCP_236851	Triazine Scaffold, 34	0.3736
LINCSCP_155145	Tyrphostin AG-112	0.3734
LINCSCP_11222	Mebeverine	0.3732
LINCSCP_97209	Lisinopril	0.3732
LINCSCP_41618	SCHEMBL15422533	0.3732
LINCSCP_41868	501919-59-1	0.3731
LINCSCP_268529	MLS003221407	0.373
LINCSCP_25996	SMR001318078	0.3728
LINCSCP_252530	SA-89068	0.3727
LINCSCP_37046	MLN 2238	0.3727
LINCSCP_252827	SA-424828	0.3725
LINCSCP_53946	DC-45-A2	0.3724
LINCSCP_84173	PDK1 Inhibitor	0.3723
LINCSCP_81228	PLX-4720	0.3723
LINCSCP_279037	BRD-K33218708	0.3722
LINCSCP_138516	ATN-161 (trifluoroacetate salt)	0.3721
LINCSCP_284829	AM-92016	0.3721
LINCSCP_218450	Fumonisin-B1	0.3721
LINCSCP_96458	Macitentan	0.372
LINCSCP_211164	Topiramate	0.372
LINCSCP_11205	Olmesartan Medoxomil	0.372
LINCSCP_77438	Zolpidem	0.372
LINCSCP_268457	N-(4-Chlorophenyl)-4-[hydroxy(diphenyl)methyl]piperidine-1-carbothioamide	0.3717
LINCSCP_253065	Buddleoflavonoloside	0.3716
LINCSCP_144286	Tirapazamine	0.3715
LINCSCP_253106	SA-90377	0.3715
LINCSCP_298780	MLS003129588	0.3714
LINCSCP_78544	CGS 20625	0.3713
LINCSCP_53616	Elesclomol	0.3711
LINCSCP_114945	PF477736	0.3711
LINCSCP_235649	Thioridazine	0.3711
LINCSCP_120256	Anastrozole	0.3711
LINCSCP_18029	SCH-58261	0.371
LINCSCP_45458	DM163	0.3705
LINCSCP_23050	Tangeretin	0.3703
LINCSCP_256879	CHEMBL259628	0.3702
LINCSCP_261684	NCGC00170203-01	0.3702
LINCSCP_176188	BMN 673	0.3702
LINCSCP_12417	BRD-A73513677	0.3699
LINCSCP_99021	Oxandrolone	0.3699
LINCSCP_120735	Fingolimod (FTY720) HCl	0.3697
LINCSCP_54341	Tanespimycin	0.3695
LINCSCP_254064	Fedratinib	0.3693
LINCSCP_93782	Gemifloxacin	0.3691
LINCSCP_44628	NSC 663284	0.3691
LINCSCP_3066	EMF-SUMO1-39	0.3689
LINCSCP_14149	Testosterone Propionate	0.3688
LINCSCP_99831	SCHEMBL17052537	0.3686
LINCSCP_204496	SPECTRUM_000281	0.3681
LINCSCP_11080	STK249718	0.3679
LINCSCP_25100	PF 3845	0.3679
LINCSCP_26780	Remacemide	0.3678
LINCSCP_30659	MLS000106215	0.3677
LINCSCP_88953	VE-821	0.3677
LINCSCP_260447	Benfluorex	0.3675
LINCSCP_18416	BP-554	0.3675
LINCSCP_30568	AC1M52QF	0.3675
LINCSCP_31616	6-Aminoindazole	0.3672
LINCSCP_120802	Afuresertib	0.3671
LINCSCP_136072	Norethindrone Acetate	0.3669
LINCSCP_103049	Rufinamide	0.3667
LINCSCP_30379	E6 Berbamine	0.3666
LINCSCP_91577	Perampanel	0.3664
LINCSCP_82092	AZD-1775	0.3664
LINCSCP_223698	362-74-3	0.3664
LINCSCP_284699	Calpeptin	0.3663
LINCSCP_20993	Avrainvillamide-analog-1	0.3663
LINCSCP_121499	SPECTRUM_001092	0.3662
LINCSCP_121958	Famotidine	0.3661
LINCSCP_2566	Sulconazole	0.366
LINCSCP_279189	BRD-K89185880	0.3659
LINCSCP_284247	Coumarin	0.3658
LINCSCP_130070	rifampicin	0.3657
LINCSCP_178806	Etomidate	0.3656
LINCSCP_52751	Daunorubicin	0.3656
LINCSCP_203223	Huperzine-A	0.3655
LINCSCP_32853	dactinomycin	0.3654
LINCSCP_15588	ST021200	0.3654
LINCSCP_250791	BMS-536924	0.3653
LINCSCP_26377	F1743-0035	0.3653
LINCSCP_31623	MLS002276501	0.365
LINCSCP_90574	bupivacaine	0.3649
LINCSCP_96060	SPECTRUM_000403	0.3648
LINCSCP_138478	Balaglitazone	0.3646
LINCSCP_91553	Pentobarbital	0.3645
LINCSCP_3371	BRD-K85174275	0.3644
LINCSCP_1980	BRD-K05114711	0.3644
LINCSCP_37342	SA-89735	0.3644
LINCSCP_99346	Gestrinone	0.3643
LINCSCP_54201	CHEMBL1434137	0.3643
LINCSCP_168631	Nandrolone	0.3639
LINCSCP_100769	Rabusertib	0.3636
LINCSCP_1743	MLS002264454	0.3635
LINCSCP_192058	10-{3-[4-(2-Chloroethyl)piperazin-1-yl]propyl}-2-(trifluoromethyl)-10H-phenothiazine	0.3635
LINCSCP_37294	SA-441145	0.3634
LINCSCP_42060	CHEMBL2141330	0.3634
LINCSCP_78906	LACOSAMIDE	0.3632
LINCSCP_18941	138402-11-6	0.3632
LINCSCP_240756	Armodafinil	0.3631
LINCSCP_31016	MLS002699921	0.3631
LINCSCP_15411	Sepantronium	0.363
LINCSCP_260979	SA-1457797	0.363
LINCSCP_295684	BRD-K83929831	0.3629
LINCSCP_38855	Temozolomide	0.3628
LINCSCP_208600	Diethyltoluamide	0.3628
LINCSCP_92192	Nefazodone	0.3626
LINCSCP_240296	Tamibarotene	0.3625
LINCSCP_20154	CHEMBL584481	0.3624
LINCSCP_31000	MLS002699447	0.3623
LINCSCP_208946	2,3-Diphenylquinoxaline-6-carboxylic acid	0.3623
LINCSCP_49274	BG-51	0.3621
LINCSCP_52877	2,2'-Azobis(2-amidinopropane)	0.3621
LINCSCP_224922	MLS002264496	0.3617
LINCSCP_54539	AGK 2	0.3617
LINCSCP_214751	Amdinocillin Pivoxil	0.3614
LINCSCP_136627	Inolitazone (dihydrochloride)	0.3613
LINCSCP_283994	Dacinostat	0.3613
LINCSCP_18595	SB-366791	0.3613
LINCSCP_175597	Carisoprodol	0.3609
LINCSCP_284911	Btcp	0.3608
LINCSCP_170923	MLN 2480	0.3607
LINCSCP_143831	9-Epiquinine	0.3604
LINCSCP_260264	CHEMBL2144294	0.3601
LINCSCP_168422	Ifenprodil	0.3601
LINCSCP_54802	Lonidamine	0.3601
LINCSCP_293260	Nafadotride	0.3601
LINCSCP_231697	BRD-K20345035	0.36
LINCSCP_37433	SA-427543	0.36
LINCSCP_64811	BRD-K84023371	0.3599
LINCSCP_260312	BRD-K44887903	0.3598
LINCSCP_282062	LOPAC-L-133	0.3598
LINCSCP_54554	Valproic acid	0.3597
LINCSCP_210636	KUC104140	0.3597
LINCSCP_19684	MLS003530001	0.3597
LINCSCP_171379	AC1L1IKY	0.3597
LINCSCP_162076	Oglemilast	0.3597
LINCSCP_104073	Nicotin-Amide	0.3596
LINCSCP_74729	DOCETAXEL	0.3596
LINCSCP_36054	AC1MJ3VH	0.3595
LINCSCP_125100	BRD-A99911370	0.3595
LINCSCP_111293	Dovitinib	0.3594
LINCSCP_110496	Zaleplon	0.3593
LINCSCP_238301	ML131	0.3593
LINCSCP_139003	BRD-A77864279	0.3593
LINCSCP_37149	CHEMBL2357852	0.3592
LINCSCP_134011	HY-11007	0.3592
LINCSCP_100863	GW-5074	0.3592
LINCSCP_79269	RESORCINOL	0.3592
LINCSCP_8377	BRD-K80195617	0.3592
LINCSCP_73242	Ganetespib (STA-9090)	0.3592
LINCSCP_110664	Amiprilose hydrochloride	0.359
LINCSCP_95740	Ifosfamide	0.359
LINCSCP_32702	CHEMBL2333339	0.3589
LINCSCP_192378	Tenoxicam	0.3588
LINCSCP_37837	SA-424755	0.3588
LINCSCP_5570	CHEMBL1270505	0.3587
LINCSCP_7277	Cdc	0.3587
LINCSCP_192248	Bromhexine	0.3586
LINCSCP_91506	Lacidipine	0.3586
LINCSCP_144095	Buspirone	0.3584
LINCSCP_77607	1-(4-fluorobenzyl)-N-(piperidin-4-yl)-1H-benzo[d]imidazol-2-amine	0.3583
LINCSCP_118777	Dextromethorphan	0.3583
LINCSCP_21175	Dactolisib	0.3583
LINCSCP_31551	Htfmt	0.3582
LINCSCP_46274	3-Chloro-n-{3-[(furan-2-ylmethyl)carbamoyl]-5,6-dihydro-4H-cyclopenta[b]thiophen-2-yl}-1-benzothiophene-2-carboxamide	0.3582
LINCSCP_162462	DIMINAZENE ACETURATE	0.3581
LINCSCP_150196	NU-7026	0.358
LINCSCP_121914	Trovafloxacin mesylate	0.358
LINCSCP_237417	MLS003126519	0.358
LINCSCP_27277	Propafenone	0.3579
LINCSCP_34292	Ketanserin	0.3578
LINCSCP_20204	MEGXM0_000348	0.3578
LINCSCP_285913	Loperamide	0.3576
LINCSCP_222233	BRD-A95504714	0.3576
LINCSCP_225057	KUC103656	0.3575
LINCSCP_78551	Epothilone B (EPO906, Patupilone)	0.3575
LINCSCP_74922	ETOPOSIDE	0.3575
LINCSCP_7153	H 8	0.3573
LINCSCP_50035	Amitriptyline	0.3573
LINCSCP_7379	Hyoscine N-Oxide	0.3572
LINCSCP_121994	BRD-K00150267	0.3571
LINCSCP_33917	Ethyl {3-[(3,5-dimethoxybenzoyl)amino]phenyl}carbamate	0.357
LINCSCP_20723	Ganciclovir	0.357
LINCSCP_79916	Albendazole	0.3569
LINCSCP_133541	Quizartinib	0.3569
LINCSCP_41642	SA-1938862	0.3569
LINCSCP_155372	Andarine	0.3568
LINCSCP_170204	Labetalol	0.3568
LINCSCP_54823	Clonidine	0.3568
LINCSCP_225359	2-Acetylphenothiazine	0.3567
LINCSCP_1136	MLS000082430	0.3566
LINCSCP_32001	BRD-K97149069	0.3566
LINCSCP_76420	Ilomastat	0.3566
LINCSCP_239385	NCGC00172240-01	0.3566
LINCSCP_168694	Elvitegravir	0.3566
LINCSCP_8975	BRD-K92232855	0.3566
LINCSCP_135795	Procaine	0.3563
LINCSCP_103882	Benzamil	0.3562
LINCSCP_122219	Lersivirine	0.3561
LINCSCP_58076	Fenoldopam	0.356
LINCSCP_107987	MLS002222336	0.3559
LINCSCP_112894	MGCD-265	0.3559
LINCSCP_209513	Siguazodan	0.3558
LINCSCP_55557	Parthenolide	0.3557
LINCSCP_94175	MK-8033	0.3557
LINCSCP_38331	SA-1919345	0.3556
LINCSCP_10850	CHEMBL2362396	0.3556
LINCSCP_25356	Daidzein	0.3555
LINCSCP_6838	Tetraidofluorescein	0.3553
LINCSCP_97314	Golvatinib (E7050)	0.3552
LINCSCP_213869	U 46619	0.355
LINCSCP_121516	BMY-14802	0.3549
LINCSCP_68387	Genistein	0.3548
LINCSCP_251003	Narciclasine	0.3547
LINCSCP_31942	ZINC01207723	0.3546
LINCSCP_204533	Dobutamine	0.3543
LINCSCP_32408	CHROMOMYCIN-A3	0.3543
LINCSCP_19926	MLS003337121	0.3542
LINCSCP_14752	PRE-084	0.3541
LINCSCP_52571	SR57227A	0.3541
LINCSCP_13227	Thapsigargin	0.3539
LINCSCP_4806	MLS003587254	0.3538
LINCSCP_149819	GSK-3 Inhibitor II	0.3537
LINCSCP_298954	BRD-K37487131	0.3537
LINCSCP_147912	Epigalocatechin Gallate	0.3537
LINCSCP_11147	Ranolazine	0.3536
LINCSCP_253137	SA-247508	0.3535
LINCSCP_25354	QX-222	0.3535
LINCSCP_14040	Riluzole	0.3535
LINCSCP_38699	MLS003672589	0.3534
LINCSCP_111077	Mycophenolic acid	0.3534
LINCSCP_32556	Alvespimycin	0.3531
LINCSCP_223781	N-Formylmethionylalanine	0.3531
LINCSCP_120501	Hydroflumethiazide	0.3531
LINCSCP_77799	Prosteride	0.3531
LINCSCP_88304	Tivozanib	0.353
LINCSCP_238910	Artemether	0.3528
LINCSCP_260530	SA-1459031	0.3524
LINCSCP_172581	BRD-K00663349	0.3524
LINCSCP_32668	MAYBRIDGE4_001981	0.3523
LINCSCP_204423	Tyrphostin 46	0.3521
LINCSCP_37098	SA-1938820	0.3521
LINCSCP_116834	Y-39983	0.352
LINCSCP_3419	CHEMBL2360865	0.352
LINCSCP_46295	CHEMBL41721	0.3519
LINCSCP_167002	BRD-A41986761	0.3517
LINCSCP_253052	SA-1459167	0.3517
LINCSCP_279350	BRD-K76318793	0.3517
LINCSCP_91628	Siramesine (hydrochloride)	0.3516
LINCSCP_53923	ZINC68199948	0.3516
LINCSCP_137562	Donitriptan hydrochloride	0.3515
LINCSCP_54427	PX 12	0.3515
LINCSCP_223077	Phenothiazine	0.3513
LINCSCP_16901	BRD-K88278225	0.3512
LINCSCP_172789	Proglumide	0.3511
LINCSCP_32547	Lavendustin C	0.351
LINCSCP_25406	ML162	0.3509
LINCSCP_292603	MLS002264383	0.3508
LINCSCP_239810	[4-(Cyclohexylsulfamoyl)-2-methylphenoxy]acetic acid	0.3506
LINCSCP_19389	BML-259	0.3505
LINCSCP_16174	Tosufloxacin	0.3504
LINCSCP_9546	ZINC01050121	0.3504
LINCSCP_14186	Methocarbamol	0.3504
LINCSCP_18791	AC1OCDAW	0.3504
LINCSCP_43083	BRD-K99718824	0.3503
LINCSCP_238939	Tropisetron HCl	0.3499
LINCSCP_52657	MFCD00671792	0.3499
LINCSCP_412	SCHEMBL10195776	0.3499
LINCSCP_52220	ST072947	0.3498
LINCSCP_89683	Nevirapine	0.3498
LINCSCP_227088	Disopyramide	0.3498
LINCSCP_110294	BAYK 8644	0.3497
LINCSCP_98780	NKP608	0.3497
LINCSCP_42108	MLS000583951	0.3495
LINCSCP_235944	SCHEMBL3363896	0.3492
LINCSCP_26192	MLS003126520	0.3492
LINCSCP_150428	844499-71-4	0.3491
LINCSCP_254507	T-0156	0.349
LINCSCP_92727	Midostaurin	0.349
LINCSCP_80553	Goserelin	0.3489
LINCSCP_120513	Idebenone	0.3489
LINCSCP_170969	Tolnaftate	0.3487
LINCSCP_32651	ST078797	0.3487
LINCSCP_136367	Piracetam	0.3487
LINCSCP_40329	Cytochalasin B	0.3486
LINCSCP_15257	PRL-3InhibitorI	0.3486
LINCSCP_105603	BMS-777607	0.3485
LINCSCP_15434	Cytosporone B	0.3484
LINCSCP_17936	JNJ 10191584	0.3483
LINCSCP_26959	Delcorine	0.3483
LINCSCP_35501	Broad-Sai-595	0.3482
LINCSCP_110988	BRD-K00390580	0.3481
LINCSCP_204443	Icariin	0.348
LINCSCP_14032	IN1054	0.3479
LINCSCP_13378	Nullscript	0.3478
LINCSCP_280619	AZD-1152HQPA	0.3477
LINCSCP_98313	SPECTRUM_001579	0.3477
LINCSCP_285880	Fcodpguefhccia-Uhfffaoysa-N	0.3476
LINCSCP_25201	CHEMBL1208118	0.3476
LINCSCP_131131	Trametinib	0.3474
LINCSCP_250488	MLS002699429	0.3472
LINCSCP_134113	301836-43-1	0.3471
LINCSCP_75356	CLONAZEPAM	0.3471
LINCSCP_30608	Ursolic acid	0.347
LINCSCP_90662	TRAVOPROST	0.3466
LINCSCP_31004	T6241472	0.3466
LINCSCP_156425	BRD-K00486725	0.3465
LINCSCP_28474	BRD-A08658758	0.3465
LINCSCP_113114	CHEMBL2136735	0.3465
LINCSCP_143656	Bazedoxifene HCl	0.3464
LINCSCP_289412	GR-89696	0.3461
LINCSCP_44701	Naltrexone-HCl	0.3461
LINCSCP_77739	PF-04447943	0.3461
LINCSCP_127644	SPECTRUM_000886	0.346
LINCSCP_30570	Phenoxazine	0.3459
LINCSCP_225172	MLS002607708	0.3459
LINCSCP_38989	SCHEMBL17857056	0.3458
LINCSCP_176130	Tamoxifen	0.3458
LINCSCP_38092	BRD-K74868206	0.3454
LINCSCP_24525	MLS002232309	0.3454
LINCSCP_60533	BRD-K29335396	0.3453
LINCSCP_206921	L 744832	0.3452
LINCSCP_96516	Dantrolene-13C3	0.3452
LINCSCP_37298	SA-426029	0.3451
LINCSCP_5609	Dehydrocholic acid	0.3451
LINCSCP_22030	BRD-K31887147	0.345
LINCSCP_91059	cucurbitacin-i	0.3447
LINCSCP_54777	UK 356618	0.3447
LINCSCP_170533	Lofexidine	0.3446
LINCSCP_235079	SB 239063	0.3443
LINCSCP_19603	N-[4-(1-Benzoylpiperidin-4-yl)butyl]-3-pyridin-3-ylpropanamide	0.3443
LINCSCP_137424	Ketotifen	0.3442
LINCSCP_137437	Seocalcitol	0.3442
LINCSCP_31430	MLS003271342	0.3441
LINCSCP_243003	Phenylbutanoic acid	0.3441
LINCSCP_87866	WH-4-025	0.344
LINCSCP_52888	3,5-Bis(4-methylbenzylidene)piperidin-4-one	0.3439
LINCSCP_27833	BRD-K39647256	0.3439
LINCSCP_86693	Pazopanib	0.3439
LINCSCP_178745	Pirenperone	0.3439
LINCSCP_84480	GSK-J1	0.3438
LINCSCP_78993	Levonorgestrel	0.3438
LINCSCP_178650	nifedipine	0.3438
LINCSCP_178118	VU0447127-2	0.3437
LINCSCP_21222	Enzalutamide	0.3436
LINCSCP_19725	MLS002473453	0.3434
LINCSCP_283798	ST022313	0.3434
LINCSCP_239401	3-(6-Nitro-1,3-dioxo-1H-benzo[de]isoquinolin-2(3H)-yl)propanoic acid	0.3434
LINCSCP_295579	CHEMBL1868923	0.3434
LINCSCP_56492	NSC25485	0.3433
LINCSCP_225773	Ipidacrine	0.3432
LINCSCP_160586	SKF-83959	0.3432
LINCSCP_171507	RASAGILINE	0.3431
LINCSCP_12324	Gefitinib	0.3431
LINCSCP_64819	BRD-K91339294-001-01-0	0.343
LINCSCP_77049	Corvasal	0.3429
LINCSCP_147201	NVP-BHG712	0.3428
LINCSCP_37840	CHEMBL3186245	0.3427
LINCSCP_25337	Cercosporin	0.3427
LINCSCP_201664	Artesunate	0.3426
LINCSCP_123575	Benzylpenicillin	0.3425
LINCSCP_136396	Closantel	0.3425
LINCSCP_52500	GW3965	0.3424
LINCSCP_260729	Hispidin	0.3423
LINCSCP_55965	Dcebio	0.3422
LINCSCP_31018	175203-39-1	0.3422
LINCSCP_96103	LY2940680	0.3422
LINCSCP_172523	282089-49-0	0.3421
LINCSCP_37784	SA-1920756	0.3421
LINCSCP_136536	Licarbazepine	0.3421
LINCSCP_110253	Clinofibrate	0.342
LINCSCP_88461	PHA-767491	0.342
LINCSCP_108562	Riociguat	0.3419
LINCSCP_18111	Arachidonamide	0.3419
LINCSCP_31378	MLS002264444	0.3418
LINCSCP_9728	IWR-1-ENDO	0.3417
LINCSCP_58200	Pilocarpine	0.3417
LINCSCP_16831	CHEMBL1886242	0.3417
LINCSCP_37385	SA-101686	0.3417
LINCSCP_34185	Pemoline	0.3416
LINCSCP_243209	Tolazoline	0.3416
LINCSCP_64824	CHEMBL2135279	0.3414
LINCSCP_236891	Acetylsalicylanilide	0.3413
LINCSCP_96095	Fipronil	0.3411
LINCSCP_154590	Vernakalant (Hydrochloride)	0.341
LINCSCP_31201	MLS003128609	0.341
LINCSCP_122511	SR 33805 oxalate	0.341
LINCSCP_105244	Histamine 2HCl	0.3409
LINCSCP_114546	VX-745	0.3409
LINCSCP_233209	BRD-K91461129	0.3409
LINCSCP_137257	clobetasol	0.3408
LINCSCP_263191	BRD-K30934336	0.3408
LINCSCP_55730	AC1MLYN7	0.3407
LINCSCP_56490	Tetrahydropalmatine	0.3407
LINCSCP_4481	CHEMBL258148	0.3407
LINCSCP_66075	BRD-K07627743	0.3406
LINCSCP_138684	S18986	0.3405
LINCSCP_137103	Acyclovir	0.3403
LINCSCP_13202	TNP 470	0.3401
LINCSCP_134091	N-(3-Fluoro-4-((7-methoxyquinolin-4-yl)oxy)phenyl)-1-(2-hydroxy-2-methylpropyl)-5-methyl-3-oxo-2-phenyl-2,3-dihydro-1H-pyrazole-4-carboxamide	0.3401
LINCSCP_266171	1228746-78-8	0.34
LINCSCP_253383	Dipropyldopamine	0.34
LINCSCP_254220	SA-424534	0.3399
LINCSCP_37959	CHEMBL1992500	0.3398
LINCSCP_122493	BUTORPHANOL-(+)-TARTRATE (DEA license)	0.3398
LINCSCP_120723	Elacridar	0.3395
LINCSCP_19794	CHEMBL1515144	0.3394
LINCSCP_172665	Avanafil	0.3393
LINCSCP_268278	MLS002264423	0.3393
LINCSCP_81513	C24H25CLFN5O3	0.3392
LINCSCP_53110	QS-11	0.3391
LINCSCP_75094	Indole-3-carbinol	0.3391
LINCSCP_41523	CHEMBL2333343	0.339
LINCSCP_31589	MLS001150507	0.3389
LINCSCP_241355	2,3',4,5'-Tetramethoxystilbene	0.3389
LINCSCP_34111	Methyl 1-hydroxy-7-(hydroxymethyl)-1,4a,5,7a-tetrahydrocyclopenta[c]pyran-4-carboxylate	0.3388
LINCSCP_239384	6-Aminochrysene	0.3387
LINCSCP_176246	Reserpine	0.3385
LINCSCP_13228	IM-12	0.3385
LINCSCP_252274	SA-96835	0.3385
LINCSCP_251186	PJ34	0.3384
LINCSCP_31601	MLS002725680	0.3384
LINCSCP_35347	BRD-K63671514	0.3384
LINCSCP_223773	CA-074 METHYL ESTER	0.3383
LINCSCP_41697	CHEMBL3400874	0.3382
LINCSCP_137852	Valdecoxib	0.3378
LINCSCP_278566	BRD-K13868095	0.3376
LINCSCP_34895	BRD-K75813018	0.3376
LINCSCP_35340	BRD-K61001510	0.3376
LINCSCP_243553	ZINC9212372	0.3375
LINCSCP_192552	Terconazole	0.3373
LINCSCP_37069	SA-97110	0.3372
LINCSCP_32543	Oxiranecarboxylic acid, 2-[6-(4-chlorophenoxy)hexyl]-, (s)-	0.3372
LINCSCP_202038	SCHEMBL17498001	0.3371
LINCSCP_20116	2-(5H-[1,2,4]triazino[5,6-B]indol-3-ylsulfanyl)-n-[3-(trifluoromethyl)phenyl]acetamide	0.3371
LINCSCP_11128	Bongkrekic acid	0.3371
LINCSCP_38794	TL Aurora 09	0.337
LINCSCP_129767	GSK-3 Inhibitor IX	0.337
LINCSCP_227472	Ditolylguanidine	0.337
LINCSCP_88438	Sunitinib	0.3369
LINCSCP_28140	BRD-K98710661	0.3368
LINCSCP_17986	Talibegron	0.3368
LINCSCP_239413	F0605-0375	0.3367
LINCSCP_123982	Andrographolide	0.3367
LINCSCP_1275	AC1MDKLV	0.3367
LINCSCP_32751	GNF-PF-2272	0.3367
LINCSCP_154689	Medetomidine	0.3366
LINCSCP_32425	Antimycin A	0.3364
LINCSCP_98002	Genz-644282	0.3364
LINCSCP_118251	Torsemide	0.3364
LINCSCP_14059	Felamidin	0.3363
LINCSCP_30670	PS-1145	0.3361
LINCSCP_236482	Naloxone	0.3361
LINCSCP_262292	GTP 14564	0.3361
LINCSCP_74181	Cimetidine	0.336
LINCSCP_105926	Naproxen	0.336
LINCSCP_28040	BRD-K97614198	0.3358
LINCSCP_4370	Tyrphostin AG 527	0.3358
LINCSCP_131859	SCHEMBL3954849	0.3357
LINCSCP_200973	BRD-K57962577	0.3356
LINCSCP_104014	Ampalex	0.3356
LINCSCP_13853	AC1MSQZQ	0.3353
LINCSCP_260481	Carbetapentane	0.3352
LINCSCP_18069	Farnesyl Thiotriazole	0.3351
LINCSCP_98269	BRD-K00141503	0.335
LINCSCP_161464	2'-Deoxycytidine (hydrochloride)	0.335
LINCSCP_36043	Teniposide	0.335
LINCSCP_99740	SCHEMBL6874948	0.3349
LINCSCP_16698	BI 78D3	0.3348
LINCSCP_236944	SMR000798352	0.3348
LINCSCP_123256	Tiagabine	0.3346
LINCSCP_238869	MK 886	0.3346
LINCSCP_223746	Oxprenolol	0.3346
LINCSCP_170657	GSK256066	0.3345
LINCSCP_14682	Cisaprida	0.3345
LINCSCP_135075	estriol	0.3345
LINCSCP_52138	ALD1-H_001128	0.3345
LINCSCP_96573	TRAMIPROSATE	0.3344
LINCSCP_279479	BRD-K47419679	0.3344
LINCSCP_147080	CHEMBL3188661	0.3344
LINCSCP_273208	Molindone	0.3344
LINCSCP_239827	4449-51-8	0.3344
LINCSCP_11289	Hinokitiol	0.3343
LINCSCP_33222	Ethylbeta-carboline-3-carboxylate	0.3343
LINCSCP_253598	BRD-K90163207	0.3343
LINCSCP_253594	SA-1459849	0.3342
LINCSCP_32471	Lestaurtinib	0.334
LINCSCP_37053	SA-1925621	0.334
LINCSCP_52485	CGK733	0.334
LINCSCP_88582	OTSSP167	0.334
LINCSCP_175657	Trimebutine	0.3339
LINCSCP_3617	BRD-K74043769	0.3339
LINCSCP_94169	Milciclib (PHA-848125)	0.3339
LINCSCP_34301	Adiphenine	0.3338
LINCSCP_37089	CHEMBL1868011	0.3337
LINCSCP_266328	Cilostazol	0.3337
LINCSCP_192008	Aliskiren	0.3337
LINCSCP_120588	Pyridostigmine	0.3336
LINCSCP_201071	Perhexiline	0.3335
LINCSCP_31630	3,4-Dimethoxyphenethylamine	0.3334
LINCSCP_1902	Mifepristone	0.3333
LINCSCP_1315	MLS001060805	0.3333
LINCSCP_251126	AC1Q6JJ5	0.3333
LINCSCP_17138	BRD-K01621458	0.3332
LINCSCP_42685	KN93	0.3332
LINCSCP_253125	SA-424763	0.3329
LINCSCP_65628	BRD-K35210537	0.3328
LINCSCP_79421	Nimesulide	0.3327
LINCSCP_122579	PENICILLIN V POTASSIUM	0.3327
LINCSCP_72725	Gemfibrozil	0.3326
LINCSCP_48546	BRD-K55260239	0.3325
LINCSCP_27837	BRD-K50748030	0.3325
LINCSCP_19720	VU0415012	0.3324
LINCSCP_312264	BRD-K11672081	0.3324
LINCSCP_74925	Estramustine phosphate sodium	0.3323
LINCSCP_55358	BRD-K04986062	0.3321
LINCSCP_85137	NU-7441	0.332
LINCSCP_38566	MLS004683642	0.332
LINCSCP_139874	Gliclazide	0.3319
LINCSCP_120994	Mozavaptan	0.3319
LINCSCP_7445	Dioxybenzone	0.3317
LINCSCP_5100	CHEMBL567341	0.3316
LINCSCP_266498	Diloxanide Furoate	0.3316
LINCSCP_252579	BRD-K07569193	0.3316
LINCSCP_38025	BRD-K30393343	0.3315
LINCSCP_136457	Castanospermine	0.3315
LINCSCP_154056	GSK962040	0.3315
LINCSCP_39959	MLS002460474	0.3314
LINCSCP_27330	Vidarabine	0.3313
LINCSCP_37721	CHEMBL1984778	0.3312
LINCSCP_81189	AZD-6482	0.3312
LINCSCP_244476	Clioquinol	0.3309
LINCSCP_62795	BRD-K55624132	0.3308
LINCSCP_35899	CHEMBL416418	0.3307
LINCSCP_44637	INCA-6	0.3307
LINCSCP_1686	KUC105999N	0.3306
LINCSCP_298	Chelidonine	0.3305
LINCSCP_47296	Trimidox	0.3304
LINCSCP_1803	MLS000718932	0.3304
LINCSCP_35455	Benzohydroxamate	0.3304
LINCSCP_224509	MLS001060804	0.3303
LINCSCP_214410	Betaxolol	0.3303
LINCSCP_89619	MK-8245	0.3302
LINCSCP_175573	Hexachlorophene	0.3301
LINCSCP_96587	Miconazole	0.3301
LINCSCP_292322	AC1MCK5A	0.3301
LINCSCP_155958	NUTLIN 3	0.33
LINCSCP_93764	CGP-12177	0.3299
LINCSCP_137806	TG 100801	0.3299
LINCSCP_208581	Tyrphostin AG 825	0.3299
LINCSCP_254137	SB225002	0.3299
LINCSCP_55742	Ciprofibrate	0.3298
LINCSCP_150509	Regorafenib	0.3297
LINCSCP_41791	CHEMBL2132717	0.3296
LINCSCP_134307	BCPP000194	0.3296
LINCSCP_260292	BRD-K36959991	0.3294
LINCSCP_105278	Cefoperazone	0.3294
LINCSCP_27447	BRD-K42841961	0.3294
LINCSCP_120666	BRD-A36275421	0.3292
LINCSCP_178115	Terazosin	0.3292
LINCSCP_105056	citiolone	0.3292
LINCSCP_311122	BRD-K85646123	0.3292
LINCSCP_20687	BRD-K99380810-001-01-1	0.3291
LINCSCP_172457	RG7388	0.3291
LINCSCP_79991	SLx-2119	0.329
LINCSCP_10844	CBKINASE1_008949	0.329
LINCSCP_32201	AC1O9EM7	0.3289
LINCSCP_136286	Phenformin	0.3288
LINCSCP_225720	Diphenhydramine	0.3288
LINCSCP_71755	Ivabradine HCl	0.3286
LINCSCP_263875	3-Methylcholanthrene	0.3286
LINCSCP_75279	Clozapine	0.3286
LINCSCP_25364	SCHEMBL2394914	0.3285
LINCSCP_53200	PD-98059	0.3284
LINCSCP_25326	Dihydroegotamine	0.3284
LINCSCP_48651	BRD-K28162668-019-01-4	0.3284
LINCSCP_312007	BRD-K40461288	0.3283
LINCSCP_22776	SU-4312	0.3282
LINCSCP_14357	C21H29NO	0.3281
LINCSCP_121724	Voriconazole	0.3281
LINCSCP_162221	FPL-55712	0.3279
LINCSCP_92231	Brivanib	0.3278
LINCSCP_32040	MLS001116157	0.3276
LINCSCP_14716	Methysergide	0.3275
LINCSCP_279421	BRD-K15559773	0.3274
LINCSCP_136460	TH-302	0.3274
LINCSCP_173930	BRD-A62647958	0.3272
LINCSCP_155856	Cytarabine	0.3272
LINCSCP_40963	CHEMBL8197	0.3272
LINCSCP_7388	Ginsenoside RC	0.3271
LINCSCP_47776	MLS002154158	0.3271
LINCSCP_54110	Myriocin	0.327
LINCSCP_95823	BRD-A98888159	0.3269
LINCSCP_37371	SA-1919877	0.3268
LINCSCP_13015	Ciproxifan	0.3268
LINCSCP_236132	Dihomo-Gamma-Linolenic acid	0.3266
LINCSCP_260302	SA-1939126	0.3265
LINCSCP_41090	MLS003129663	0.3264
LINCSCP_208610	SIB1757	0.3263
LINCSCP_124291	AZD-1480	0.3262
LINCSCP_54675	RG 108	0.3262
LINCSCP_14860	Ticlopidine	0.3261
LINCSCP_21120	SMR000220152	0.326
LINCSCP_64275	CHEMBL2356381	0.326
LINCSCP_10822	CHEMBL2359502	0.3259
LINCSCP_27123	316173-57-6	0.3258
LINCSCP_30260	L 741,742	0.3258
LINCSCP_224346	MLS002471791	0.3257
LINCSCP_227788	SMR000115252	0.3256
LINCSCP_49071	BRD-K02170312	0.3256
LINCSCP_154542	SB 242235	0.3256
LINCSCP_1764	SMR000206948	0.3255
LINCSCP_37038	SA-1473405	0.3255
LINCSCP_214617	164178-33-0	0.3254
LINCSCP_17129	HDACi1,2+3_mix	0.3253
LINCSCP_178142	SCHEMBL1675332	0.3253
LINCSCP_64762	BRD-K31427141	0.3252
LINCSCP_79213	Floxuridine	0.3252
LINCSCP_45641	MLS003370625	0.3252
LINCSCP_204673	4',6-Dihydroxyflavone	0.3251
LINCSCP_144197	EMD-1214063	0.3251
LINCSCP_167359	Omecamtiv mecarbil (CK-1827452)	0.3251
LINCSCP_253551	BRD-K64930062	0.325
LINCSCP_236972	MLS000583956	0.325
LINCSCP_225095	VU0366037-2	0.3249
LINCSCP_52713	AC1O8PYD	0.3249
LINCSCP_25330	RX821002	0.3249
LINCSCP_239471	BRD-K50368246	0.3248
LINCSCP_102969	Cnqx	0.3247
LINCSCP_18912	Suloctidil	0.3247
LINCSCP_118351	Fentiazac	0.3245
LINCSCP_138631	1,3-Dipropyl-8-cyclopentylxanthine	0.3244
LINCSCP_116836	LRRK2-IN-1	0.3243
LINCSCP_170637	Zardaverine	0.3242
LINCSCP_92159	SN-38	0.3242
LINCSCP_121310	Everolimus	0.3241
LINCSCP_208333	GP 2A	0.3241
LINCSCP_123217	Tedizolid	0.324
LINCSCP_49223	Broad-Sai-609	0.3239
LINCSCP_55137	TUL_XX087	0.3239
LINCSCP_136625	Meptazinol	0.3238
LINCSCP_89557	Edoxaban	0.3238
LINCSCP_10745	MLS-0435555.0001	0.3237
LINCSCP_3780	KUC111774N	0.3236
LINCSCP_10515	Promazine	0.3234
LINCSCP_123338	betaescin	0.3234
LINCSCP_19700	CHEMBL1531854	0.3233
LINCSCP_273250	Arbutin	0.3233
LINCSCP_108610	Sobetirome	0.3233
LINCSCP_40226	KO143	0.3232
LINCSCP_143556	Xaliproden	0.3232
LINCSCP_44114	CDK4 Inhibitor III	0.3231
LINCSCP_252369	CHEMBL2144678	0.323
LINCSCP_253381	SA-1939936	0.323
LINCSCP_90686	Ofloxacin	0.323
LINCSCP_31362	4-(4-Bromophenyl)-2-(methylsulfonyl)thiazole	0.3228
LINCSCP_136574	Butaclamol (+)	0.3227
LINCSCP_30491	GW 405833	0.3227
LINCSCP_120486	AZD1152	0.3227
LINCSCP_266191	AC1NWAPU	0.3227
LINCSCP_241275	Monastrol	0.3226
LINCSCP_287740	FPL64176	0.3225
LINCSCP_49194	BRD-K92659561	0.3225
LINCSCP_14977	Epibatidine	0.3225
LINCSCP_14736	Diethylcarbamazine	0.3224
LINCSCP_33500	Tyrphostin AG-494	0.3223
LINCSCP_12619	SCH-79797	0.3223
LINCSCP_1707	MLS002264451	0.3222
LINCSCP_48710	BRD-K99750636	0.3222
LINCSCP_42951	CHEMBL2360603	0.3221
LINCSCP_208223	Herniarin	0.3221
LINCSCP_165045	BAY 61-3606	0.3221
LINCSCP_25366	Eticlopride	0.322
LINCSCP_41763	TWS 119	0.322
LINCSCP_45611	MLS002264468	0.322
LINCSCP_54557	Tyrphostin 1	0.322
LINCSCP_127385	LY2811376	0.3219
LINCSCP_74799	CPI-613	0.3219
LINCSCP_35247	CHEMBL2361787	0.3219
LINCSCP_203970	TOCRIS-0930	0.3218
LINCSCP_46407	F3098-6208	0.3218
LINCSCP_251070	BRD32048	0.3218
LINCSCP_34810	BRD-K41889859	0.3217
LINCSCP_11544	CHEMBL59836	0.3217
LINCSCP_160184	Novobiocin	0.3217
LINCSCP_52499	CBIOL_001848	0.3215
LINCSCP_14537	Propylpyrazoletriol	0.3215
LINCSCP_171046	Indomethacin	0.3215
LINCSCP_12864	79966-13-5	0.3214
LINCSCP_134195	ZINC6718453	0.3213
LINCSCP_242837	AC1NQXBX	0.321
LINCSCP_13313	Geldanamycin	0.321
LINCSCP_124623	GSK2636771	0.321
LINCSCP_120239	Ritonavir	1
LINCSCP_4916	MLS000095184	0.5371
LINCSCP_4384	Purvalanola	0.5135
LINCSCP_173999	BAY 87-2243	0.5119
LINCSCP_116511	SCHEMBL3958507	0.5069
LINCSCP_80557	AZD8931 (Sapitinib)	0.5061
LINCSCP_213664	NCGC00018102-06	0.5032
LINCSCP_18143	Pinocembrin	0.4965
LINCSCP_46267	2-Fluoroadenosine	0.4936
LINCSCP_111199	Crizotinib	0.4882
LINCSCP_111765	Radicicol	0.4862
LINCSCP_225035	MLS002607718	0.4823
LINCSCP_18426	Iodophenpropit	0.4792
LINCSCP_209955	Trifluoperazine	0.4761
LINCSCP_70269	CX-5461	0.4733
LINCSCP_134237	SB239063	0.4704
LINCSCP_18083	AC1Q3NSV	0.4691
LINCSCP_120060	Amineptine	0.4662
LINCSCP_225097	Triazolothiadiazine, 35	0.4659
LINCSCP_155834	AZD7687	0.4582
LINCSCP_45453	MLS003153123	0.4565
LINCSCP_6182	BIIB 021	0.4522
LINCSCP_101499	Papaverine	0.4519
LINCSCP_117251	GSK-1070916	0.4512
LINCSCP_253743	SA-440832	0.4511
LINCSCP_5035	SMR000030495	0.4501
LINCSCP_6890	Deguelin	0.45
LINCSCP_13877	GR-127935	0.4479
LINCSCP_127364	AC1NWALF	0.4477
LINCSCP_9585	LY-294002	0.4475
LINCSCP_35286	BRD-K15524596	0.447
LINCSCP_133382	KW-2449	0.441
LINCSCP_155792	Pravastatin sodium	0.4402
LINCSCP_51591	CHEMBL552425	0.44
LINCSCP_8962	BRD-K79758054	0.4395
LINCSCP_7434	Syrosingopine	0.4374
LINCSCP_68264	Trichostatin A, Streptomyces Sp.	0.4374
LINCSCP_133340	Ipatasertib	0.4353
LINCSCP_43766	PIK 75	0.4351
LINCSCP_46433	AB01274770-01	0.4336
LINCSCP_213808	Hydrastinine	0.4329
LINCSCP_214779	3-[(3-Hydroxy-2-phenylpropanoyl)oxy]-8-methyl-8-(propan-2-yl)-8-azoniabicyclo[3.2.1]octane	0.4321
LINCSCP_155745	S1RA (hydrochloride)	0.4314
LINCSCP_56241	DUP-697	0.43120000000000003
LINCSCP_4288	NSC409663	0.4305
LINCSCP_195289	BRD-K16339566	0.4303
LINCSCP_84282	HG-14-10-04	0.4292
LINCSCP_80850	ABACAVIR SULFATE	0.4291
LINCSCP_87401	MLS006011051	0.4274
LINCSCP_151984	STK219801	0.4263
LINCSCP_120192	AEE788 (NVP-AEE788)	0.4261
LINCSCP_85092	CP-724714	0.4259
LINCSCP_93854	Protriptyline	0.425
LINCSCP_84304	761437-28-9	0.4248
LINCSCP_7148	Aminopurvalanol	0.4246
LINCSCP_125305	Candesartan	0.4241
LINCSCP_5134	MLS-0004183.0001	0.424
LINCSCP_284272	Domperidone	0.4237
LINCSCP_147470	OSI-930	0.4228
LINCSCP_24591	WZ 4002	0.4226
LINCSCP_213372	Imiquimod	0.4221
LINCSCP_14516	CHEMBL602850	0.4218
LINCSCP_191636	MLS-0435541.0001	0.4206
LINCSCP_4290	Metrizamide	0.42
LINCSCP_5045	MLS000408862	0.4191
LINCSCP_22356	CHEMBL2356468	0.4186
LINCSCP_214433	SDZ WAG 994	0.4168
LINCSCP_5128	AC1MCK4M	0.4164
LINCSCP_22454	HG-5-113-01	0.4163
LINCSCP_60453	BRD-K00799745	0.4161
LINCSCP_25416	Cyclohexanecarboxamide, 4-(1-aminoethyl)-n-4-pyridinyl-, trans-	0.4154
LINCSCP_134231	331771-20-1	0.4149
LINCSCP_165751	Azacitidine	0.4148
LINCSCP_4223	PAC-1	0.4147
LINCSCP_149593	SAR245409	0.414
LINCSCP_254252	SA-1921816	0.4137
LINCSCP_127424	PH-797804	0.4134
LINCSCP_13917	1446-61-3	0.4133
LINCSCP_114820	GSK 1059615	0.4128
LINCSCP_60087	BRD-K84271926	0.4118
LINCSCP_12475	BRD-K65971331	0.4117
LINCSCP_48121	BRD-K75265238	0.4116
LINCSCP_40149	pyrvinium-pamoate	0.4102
LINCSCP_12909	AG 14361	0.4099
LINCSCP_3287	BRD-K85025453	0.4081
LINCSCP_13469	M3M3FBS	0.4081
LINCSCP_46853	U-0126	0.4076
LINCSCP_9256	PG 490	0.4073
LINCSCP_36034	SMR000075319	0.4057
LINCSCP_260902	BRD-K68765796-001-01-8	0.4056
LINCSCP_37372	SA-1460136	0.4042
LINCSCP_35073	BRD-K23674074	0.4028
LINCSCP_111002	Ataluren	0.4024
LINCSCP_6692	Elliptecine	0.4022
LINCSCP_20655	CHEMBL1869437	0.4022
LINCSCP_235261	PD-0325901	0.402
LINCSCP_60612	BRD-K74055572	0.4017
LINCSCP_34251	Quinacrine	0.4015
LINCSCP_101509	BRD-K00544996	0.4013
LINCSCP_444	PRESTWICK3_000646	0.4006
LINCSCP_49423	Oxetane	0.4005
LINCSCP_15647	ZM336372	0.4
LINCSCP_45218	ZM336372	0.4
LINCSCP_78528	Gatifloxacin	0.3996
LINCSCP_5179	AC1LDBAO	0.3993
LINCSCP_61867	BRD-K23794511	0.3992
LINCSCP_290178	UNII-MET7ZRB8Y7	0.3992
LINCSCP_266555	Bisacodyl	0.3986
LINCSCP_12559	CAY10603	0.3979
LINCSCP_18115	Aloisine	0.3972
LINCSCP_23100	Strophanthidin	0.3966
LINCSCP_5250	CHEMBL1700271	0.396
LINCSCP_50919	CHEMBL1242477	0.3957
LINCSCP_251201	NU1025	0.3956
LINCSCP_265956	IN1436	0.3948
LINCSCP_127839	Probenecid	0.3948
LINCSCP_150827	WZ3105	0.3946
LINCSCP_33652	ICI-199,441	0.3939
LINCSCP_102136	Dacarbazine	0.3933
LINCSCP_5055	CHEMBL1513361	0.3932
LINCSCP_214015	SPECTRUM1505034	0.3927
LINCSCP_120899	Zuclomiphene	0.3925
LINCSCP_155842	Alvelestat	0.3923
LINCSCP_152074	Belinostat	0.3919
LINCSCP_38213	SA-102042	0.3917
LINCSCP_103906	Isoniazid	0.391
LINCSCP_7631	16Beta-hydroxydisitoxigenin	0.3907
LINCSCP_29729	A-443654	0.3902
LINCSCP_134074	galantamine	0.3901
LINCSCP_145021	PF431396	0.3898
LINCSCP_100813	SCHEMBL16980224	0.3896
LINCSCP_125145	K784-3187	0.3892
LINCSCP_236749	MLS002703292	0.3891
LINCSCP_31355	MLS003171619	0.389
LINCSCP_151998	Mocetinostat	0.389
LINCSCP_2846	Roquinimex	0.3889
LINCSCP_34886	BRD-K22563530	0.3888
LINCSCP_78596	PF-03814735	0.3884
LINCSCP_46423	JNJ-7706621	0.388
LINCSCP_47279	Ketoconazole	0.3878
LINCSCP_45629	VU0418934-2	0.3877
LINCSCP_127671	Gibberellin A3	0.3875
LINCSCP_104853	Dronedarone HCl	0.3875
LINCSCP_25036	LDN 193189	0.3874
LINCSCP_46196	CHEMDIV1_016684	0.387
LINCSCP_84592	Pracinostat	0.3865
LINCSCP_127350	Ingenol Mebutate	0.3861
LINCSCP_75608	Dexniguldipine	0.3858
LINCSCP_85215	C21H27N7O3	0.3856
LINCSCP_53557	Rotenone	0.3849
LINCSCP_103838	Lesinurad	0.3848
LINCSCP_4398	RO 90-7501	0.3844
LINCSCP_5949	CID 75060944	0.3843
LINCSCP_279408	BRD-K09054764	0.3841
LINCSCP_46110	Idarubicin	0.384
LINCSCP_48635	BRD-K06574200	0.3839
LINCSCP_25311	SPECTRUM_001095	0.3837
LINCSCP_5088	MLS001007458	0.383
LINCSCP_243053	Cobalt (Ii) Chloride	0.3827
LINCSCP_34418	Diphemanil	0.3822
LINCSCP_51322	CP466722	0.3816
LINCSCP_52018	XMD 8-92	0.3815
LINCSCP_98630	AC1NWAUW	0.3814
LINCSCP_133507	MLN-0128	0.3811
LINCSCP_235646	Sirolimus	0.3811
LINCSCP_154538	Darapladib	0.381
LINCSCP_31821	Clobenpropit	0.381
LINCSCP_6471	Isotretinoin	0.3809
LINCSCP_2264	TGX 221	0.3807
LINCSCP_70599	HMN-214	0.3803
LINCSCP_82075	SCHEMBL16226502	0.3798
LINCSCP_45336	MLS000089581	0.3794
LINCSCP_45675	KUC104254	0.3793
LINCSCP_23084	Bufalin	0.3793
LINCSCP_39884	UNC-0321	0.3792
LINCSCP_251163	3-Chloro-l-alanine	0.3791
LINCSCP_9897	Avicin-D	0.3786
LINCSCP_14803	Terfenadine	0.3781
LINCSCP_56274	Lintitript	0.3776
LINCSCP_9450	Estradiol	0.3775
LINCSCP_21450	SB-218078	0.3773
LINCSCP_155657	VRT752271	0.377
LINCSCP_151076	AS601245	0.3766
LINCSCP_45416	MLS002703102	0.3764
LINCSCP_301861	BRD-K36618611	0.3761
LINCSCP_152097	Ischemin	0.3758
LINCSCP_306189	BRD-K99644669	0.3757
LINCSCP_163558	Pictilisib	0.3752
LINCSCP_14544	NNC 26-9100	0.3747
LINCSCP_182443	BRD-K44341698	0.3746
LINCSCP_30999	MLS001002737	0.3744
LINCSCP_35070	BRD-K22862802	0.3743
LINCSCP_37760	SA-243929	0.3741
LINCSCP_117085	HG-9-91-01	0.374
LINCSCP_54575	Dorsomorphin	0.3739
LINCSCP_721	BX-795	0.3738
LINCSCP_32153	CHEMBL2358136	0.3738
LINCSCP_78347	Avagacestat (BMS-708163)	0.3734
LINCSCP_18138	DMP-543	0.3727
LINCSCP_162243	Pyrilamine	0.3727
LINCSCP_236888	MLS001065825	0.3725
LINCSCP_158812	PF-3084014	0.3724
LINCSCP_45621	ML179	0.3722
LINCSCP_138438	omeprazole	0.3721
LINCSCP_62100	BRD-K73400194	0.3719
LINCSCP_22713	(+)-Camptothecin	0.3717
LINCSCP_45960	MLS002474519	0.3713
LINCSCP_49284	Apatinib Hydrochloride	0.3708
LINCSCP_31989	BRD-K85123403	0.3707
LINCSCP_266184	Primaquine	0.3702
LINCSCP_63454	BRD-K52123998	0.3701
LINCSCP_45315	MLS001065872	0.3701
LINCSCP_192089	Ranitidine	0.3699
LINCSCP_46560	Pyroxamide	0.3694
LINCSCP_267870	VU0240551	0.3688
LINCSCP_152118	BRD-A01645196	0.36870000000000003
LINCSCP_282180	Biotin	0.3684
LINCSCP_13858	O-2050	0.368
LINCSCP_84899	Dabrafenib	0.368
LINCSCP_47292	MLS000057540	0.3679
LINCSCP_31327	CHEMBL1698064	0.3676
LINCSCP_121612	Luteolin	0.3676
LINCSCP_124393	Taselisib	0.3675
LINCSCP_45513	MLS003153124	0.367
LINCSCP_60108	BRD-K14602451	0.3669
LINCSCP_25055	HLI-373	0.3668
LINCSCP_249086	BRD-K81227048	0.3666
LINCSCP_175697	Taltirelin	0.3661
LINCSCP_79030	Secnidazole	0.3659
LINCSCP_19669	CHEMBL1085587	0.3659
LINCSCP_115155	AZD-1152-HQPA	0.3658
LINCSCP_45749	MLS002607743	0.3657
LINCSCP_45668	MLS002548990	0.3654
LINCSCP_43255	BRD-K80062189	0.3652
LINCSCP_55251	Avicin-G	0.3652
LINCSCP_13898	D-64406	0.3651
LINCSCP_8734	BRD-K40471863	0.365
LINCSCP_8822	BRD-K88899793	0.365
LINCSCP_34735	Felbinac	0.3649
LINCSCP_13925	GSK 3BETA Inhibitor VIII	0.3647
LINCSCP_51442	SCHEMBL15556278	0.3646
LINCSCP_49266	Tubastatin A	0.3642
LINCSCP_45679	MLS002264363	0.3642
LINCSCP_29972	Pelitinib	0.3641
LINCSCP_250868	Phenanthridone	0.364
LINCSCP_360	1-(2,6-Dichlorobenzylideneamino)guanidine	0.3638
LINCSCP_37130	SA-1462738	0.3637
LINCSCP_281421	H-9	0.3636
LINCSCP_35993	Trichostatin	0.3635
LINCSCP_94592	Quinidine Gluconate	0.363
LINCSCP_115372	Erlotinib	0.3628
LINCSCP_79129	EVP-6124 (hydrochloride)	0.3627
LINCSCP_117807	GSK-2334470	0.3626
LINCSCP_46224	SPOX1_000823	0.3624
LINCSCP_35632	4,11-Diethyl-4,9-dihydroxy-1H-pyrano[3',4':6,7]indolizino[1,2-b]quinoline-3,14(4H,12H)-dione	0.3623
LINCSCP_4697	BIBR-1532	0.3622
LINCSCP_45269	CHEMBL1406616	0.3622
LINCSCP_5260	CHEMBL1719929	0.3619
LINCSCP_238996	Telmisartan	0.3617
LINCSCP_32584	sunitinib	0.3616
LINCSCP_19100	CGP 57380	0.3615
LINCSCP_97055	Urapidil	0.3613
LINCSCP_46111	Aripiprazole	0.3613
LINCSCP_31925	PD-168,077	0.3612
LINCSCP_270202	MLS002699913	0.3611
LINCSCP_64770	BRD-K43194109	0.3608
LINCSCP_136615	Ifenprodil	0.3601
LINCSCP_289619	Morphothebaine	0.3601
LINCSCP_199651	BRD-K64404931	0.36
LINCSCP_79369	Ulipristal	0.3599
LINCSCP_40099	CHEMBL520231	0.3599
LINCSCP_61344	BRD-K42393177	0.3597
LINCSCP_60712	MLS003129469	0.3596
LINCSCP_40346	BRD-K41087962	0.3592
LINCSCP_15698	MLS002477158	0.3591
LINCSCP_8798	BRD-K03223506	0.3589
LINCSCP_96973	Trazodone	0.3587
LINCSCP_71515	Bevirimat	0.3582
LINCSCP_9818	KU0060648	0.3581
LINCSCP_20973	BRD-K42573370-001-01-1	0.3579
LINCSCP_178440	Tibolone	0.3578
LINCSCP_134080	Aurora A Inhibitor I	0.3577
LINCSCP_35571	Tacedinaline	0.3576
LINCSCP_45452	MLS003128614	0.3576
LINCSCP_6024	MLS001116189	0.357
LINCSCP_155881	CO-1686 (AVL-301)	0.3567
LINCSCP_74700	PSI-7977	0.3567
LINCSCP_41820	SCHEMBL6851809	0.3566
LINCSCP_126004	Sertraline HCl	0.3564
LINCSCP_32867	Epirubicin	0.3561
LINCSCP_43812	STK178014	0.3559
LINCSCP_64085	BRD-K38370145	0.3556
LINCSCP_8350	BRD-K15973523	0.3553
LINCSCP_168770	IN1549	0.3552
LINCSCP_4328	Tocainide	0.3547
LINCSCP_278870	BRD-K68315360	0.3547
LINCSCP_127506	Thiothixene	0.3546
LINCSCP_193507	Mebendazole	0.3545
LINCSCP_2721	Lidoflazine	0.3542
LINCSCP_2669	AC1L1KV5	0.3538
LINCSCP_77540	Doxapram	0.3536
LINCSCP_164959	PF-03758309	0.3532
LINCSCP_26075	CHEMBL1887751	0.3529
LINCSCP_36938	XMD15-27	0.3528
LINCSCP_18078	Reboxetine	0.3526
LINCSCP_31822	Diazoxide	0.3526
LINCSCP_1064	MLS002276523	0.3525
LINCSCP_30907	CHEMBL1521956	0.3523
LINCSCP_5085	Benzbromarone	0.3522
LINCSCP_28106	BRD-K87988402	0.3519
LINCSCP_46211	BRD-K04534322	0.3519
LINCSCP_46062	BDBM82056	0.3518
LINCSCP_45950	SR-02000000238	0.3517
LINCSCP_28189	BRD-K79157816	0.3516
LINCSCP_2105	PK04_181029	0.3516
LINCSCP_88566	Osimertinib	0.3516
LINCSCP_65809	BRD-K34314104	0.3515
LINCSCP_11481	Dipyridamole	0.3513
LINCSCP_192014	Naproxol	0.3511
LINCSCP_238880	Maprotiline	0.3508
LINCSCP_148480	Cabozantinib	0.3508
LINCSCP_5012	CHEMBL577121	0.3507
LINCSCP_19996	Pitavastatin Calcium	0.3505
LINCSCP_250542	4-Deoxyuridine	0.3501
LINCSCP_133851	Rucaparib	0.3499
LINCSCP_188929	N,N-Diethyl-2-(5-oxo-2,3-dihydro[1,3]thiazolo[3',2':1,2]pyrimido[5,4-b]indol-6(5H)-yl)acetamide	0.3494
LINCSCP_156182	Altrenogest	0.3493
LINCSCP_68556	13-Methyl-7-[9-(4,4,5,5,5-pentafluoropentylsulfinyl)nonyl]-6,7,8,9,11,12,14,15,16,17-decahydrocyclopenta[a]phenanthrene-3,17-diol	0.3492
LINCSCP_25609	Fluspirilene	0.3491
LINCSCP_161414	CEPHARANTHINE	0.3487
LINCSCP_152423	C-Fms Inhibitor	0.3486
LINCSCP_37230	CHEMBL2359475	0.3485
LINCSCP_284174	SPECTRUM_001645	0.3484
LINCSCP_178023	MLS002264389	0.3483
LINCSCP_9765	CYTO7H11	0.3483
LINCSCP_19025	Desoxymetasone	0.348
LINCSCP_1377	MLS003448145	0.3479
LINCSCP_199548	SCHEMBL17783919	0.3478
LINCSCP_2283	AC1MDRA3	0.3478
LINCSCP_155664	Chlorambucil	0.3477
LINCSCP_25667	Phorbol 12-myristate-13-acetate	0.3471
LINCSCP_87464	AZD 1480	0.3471
LINCSCP_7671	5-Nitroso-8-cinnolinol	0.347
LINCSCP_154621	RVX-208	0.347
LINCSCP_6648	PHA-793887	0.3469
LINCSCP_51263	atorvastatin	0.3467
LINCSCP_101513	Cefdinir	0.3466
LINCSCP_279069	BRD-K43683841	0.3466
LINCSCP_45270	MLS000108814	0.3465
LINCSCP_6876	Antipyrine	0.3464
LINCSCP_32800	SPECTRUM3_001992	0.3462
LINCSCP_129034	GSK429286A	0.346
LINCSCP_56190	Nortriptyline	0.346
LINCSCP_6671	Reversine	0.3459
LINCSCP_23733	BRD-K81164606-001-01-7	0.3459
LINCSCP_15861	SMR000074300	0.3458
LINCSCP_6979	CHEMBL3188521	0.3457
LINCSCP_148183	Chelerythrine	0.3457
LINCSCP_78967	Sertindole	0.3456
LINCSCP_18141	Damnacanthal	0.3455
LINCSCP_149617	Bosutinib	0.3455
LINCSCP_2498	XMD-1185H	0.3454
LINCSCP_276364	CHEMBL2357706	0.3453
LINCSCP_2413	F1566-0341	0.3452
LINCSCP_5184	CHEMBL1398049	0.3451
LINCSCP_177815	N-(4-Fluorophenyl)-4-[hydroxy(diphenyl)methyl]piperidine-1-carbothioamide	0.3451
LINCSCP_4292	KBIO3_000694	0.3451
LINCSCP_159663	Nordihydroguaiaretic acid	0.3449
LINCSCP_6295	HG-6-64-01	0.3447
LINCSCP_54002	Piplartine	0.3443
LINCSCP_106643	Ivacaftor (VX-770)	0.344
LINCSCP_312529	BRD-K74647590	0.3439
LINCSCP_3917	Pifithrin MU	0.3433
LINCSCP_143413	salsoline	0.3432
LINCSCP_225702	Loxapine	0.3431
LINCSCP_90393	Setiptiline	0.3429
LINCSCP_82391	AZ20	0.3427
LINCSCP_39983	PF750	0.3426
LINCSCP_74741	UK 383367	0.3424
LINCSCP_126072	Pinaverium bromide	0.3424
LINCSCP_298887	BRD-K10722141	0.3424
LINCSCP_56519	Estradiol Cypionate	0.3421
LINCSCP_61717	CHEMBL2358027	0.3421
LINCSCP_298592	BRD-K59099936	0.342
LINCSCP_89943	Tranilast	0.3418
LINCSCP_308871	BRD-K14302953	0.3416
LINCSCP_4124	Dihydro-Obliquin	0.3412
LINCSCP_294896	MLS003179192	0.3409
LINCSCP_48826	MLS003128877	0.3406
LINCSCP_49989	Pilaralisib	0.3397
LINCSCP_15715	SMR000015484	0.3395
LINCSCP_54628	N9-Isopropylolomoucine	0.3394
LINCSCP_46093	Triptolide	0.3391
LINCSCP_180290	Aristolochic acid	0.3389
LINCSCP_48379	BRD-K87508191	0.3387
LINCSCP_243995	SCHEMBL4098081	0.3386
LINCSCP_63374	MLS004342525	0.3385
LINCSCP_35086	BRD-K75852825	0.3384
LINCSCP_5171	MLS001065877	0.3384
LINCSCP_7732	Fasudil	0.3382
LINCSCP_184697	BRD-K04230416	0.3382
LINCSCP_50124	MRS 1754	0.3381
LINCSCP_153600	Methixene	0.3378
LINCSCP_7108	PI828	0.3376
LINCSCP_173956	Amantadine	0.3375
LINCSCP_31306	CID 46937236	0.3374
LINCSCP_311983	BRD-K23021002	0.3373
LINCSCP_179407	Acetyl-Geranyl-Cysteine	0.3372
LINCSCP_47315	MLS002473918	0.3371
LINCSCP_19818	MLS-0437135.0001	0.3369
LINCSCP_5018	7-Bromo-1,2,3,9-tetrahydropyrrolo[2,1-b]quinazoline	0.3365
LINCSCP_163764	Lapatinib	0.3363
LINCSCP_10370	GF-109203	0.3361
LINCSCP_13270	Quercetin	0.3359
LINCSCP_6859	Tebuthiuron	0.3358
LINCSCP_46820	Hnha	0.3355
LINCSCP_253872	BRD-K18170480	0.3354
LINCSCP_3615	BRD-K73008154	0.3353
LINCSCP_48816	BRD-K70068608	0.3351
LINCSCP_64447	CHEMBL2358849	0.3351
LINCSCP_65720	BRD-K86182839	0.335
LINCSCP_53647	Salermide	0.3349
LINCSCP_45490	MLS002473458	0.3348
LINCSCP_50056	OMDM-2	0.3348
LINCSCP_13912	WHI-P154	0.3346
LINCSCP_32945	N-[4-(Acridin-9-ylmethyl)-3-methoxyphenyl]methanesulfonamide	0.3345
LINCSCP_269180	CHEMBL1374544	0.3344
LINCSCP_31548	Tremulacin	0.3343
LINCSCP_298526	BRD-K38688128	0.3342
LINCSCP_52425	BRD-K75081836	0.334
LINCSCP_191268	CHEMBL2361061	0.3338
LINCSCP_8751	CHEMBL2142922	0.3338
LINCSCP_26114	MLS003530000	0.3335
LINCSCP_2417	BIO2_000413	0.3333
LINCSCP_85284	TORIN-2	0.3333
LINCSCP_70554	CHEMBL1950303	0.3332
LINCSCP_156858	ascorbic-acid	0.3332
LINCSCP_59716	BRD-K89144371	0.333
LINCSCP_33401	Diphenyleneiodonium	0.3329
LINCSCP_46680	IN1451	0.3329
LINCSCP_151974	JW 55	0.3329
LINCSCP_278658	SCHEMBL17783896	0.3327
LINCSCP_8989	BRD-K02952507	0.3327
LINCSCP_38520	Raloxifene	0.3327
LINCSCP_216888	STK139547	0.3326
LINCSCP_112453	CHEMBL3347630	0.3325
LINCSCP_23682	Tyrphostin AG 879	0.3324
LINCSCP_46189	Latrunculin B	0.3324
LINCSCP_101664	Hoechst 33258	0.3324
LINCSCP_53645	Ingenol 3,20-dibenzoate	0.3323
LINCSCP_47323	AR-196/42202287	0.3322
LINCSCP_46720	Entecavir	0.3322
LINCSCP_57964	MLS000094380	0.3321
LINCSCP_52708	Azasetron	0.3321
LINCSCP_235	BIOMOL-NT_000059	0.3321
LINCSCP_4298	8-Cyclohexyl-2,3,3a,4,5,6-hexahydro-1H-pyrazino[3,2,1-jk]carbazole	0.3317
LINCSCP_45374	2-[(2-Bromobenzyl)oxy]benzoic acid	0.3315
LINCSCP_44515	Prednisolone Hemisuccinate	0.3314
LINCSCP_180861	CHEMBL2017783	0.3313
LINCSCP_3311	BRD-K36313546	0.331
LINCSCP_239938	SMR000144819	0.331
LINCSCP_88398	Dacomitinib	0.3309
LINCSCP_102234	MK-0752	0.3307
LINCSCP_224757	ML213	0.3307
LINCSCP_248932	BRD-K25585643	0.3305
LINCSCP_158296	Risperidone	0.3304
LINCSCP_5083	BRD-K08878345	0.3303
LINCSCP_239219	Ethylestrenol	0.3299
LINCSCP_45406	CHEMBL1555451	0.3298
LINCSCP_37691	SA-1457188	0.3297
LINCSCP_225254	MLS-0044127.0001	0.3296
LINCSCP_47411	NCH-51	0.3294
LINCSCP_3997	CHEMBL2356537	0.3294
LINCSCP_4255	Hexylresorcinol	0.3294
LINCSCP_15449	BAS 00631343	0.3292
LINCSCP_61535	BRD-K74318028	0.3292
LINCSCP_253538	CHEMBL2001494	0.3292
LINCSCP_48253	BRD-K83826027	0.3292
LINCSCP_214962	Chlorpromazine	0.3291
LINCSCP_5934	ZINC27645180	0.329
LINCSCP_48323	BRD-K35202752	0.3289
LINCSCP_62870	BRD-K25164076	0.3288
LINCSCP_96486	TAK-285	0.3286
LINCSCP_104783	Chlorpheniramine	0.3283
LINCSCP_9802	Fluoropyruvate	0.3282
LINCSCP_7421	(Z,E)-3-(imidazol-4-Ylmethylene)indolin-2-one	0.3282
LINCSCP_44406	196868-63-0	0.3282
LINCSCP_270850	PCL2_000057	0.3281
LINCSCP_292407	AC1NDD0L	0.328
LINCSCP_11760	ZSTK 474	0.3278
LINCSCP_46879	ZG-10	0.3275
LINCSCP_28334	BRD-K10211010	0.3275
LINCSCP_66314	32703-82-5	0.3274
LINCSCP_119780	Sitagliptin	0.3271
LINCSCP_34411	Naltrexone	0.327
LINCSCP_152999	ANISODAMINE HYDROBROMIDE	0.3268
LINCSCP_2478	SB 203580, SULFONE	0.3267
LINCSCP_8811	BRD-K57420195	0.3265
LINCSCP_261001	9-Fluoro-11,17,21-trihydroxy-16-methylpregna-1,4-diene-3,20-dione	0.3264
LINCSCP_39882	ICG-001	0.3264
LINCSCP_45671	CHEMBL1456638	0.3263
LINCSCP_30396	Hydroxyfasudil	0.3262
LINCSCP_45530	CHEMBL2141722	0.3262
LINCSCP_252966	SA-432137	0.3261
LINCSCP_178460	Vecuronium	0.326
LINCSCP_22621	Lypressin	0.3258
LINCSCP_152063	Anacardic acid	0.3257
LINCSCP_9908	COL-3	0.3256
LINCSCP_8263	BRD-K80553643	0.3254
LINCSCP_236761	2-(Biphenyl-4-ylsulfonamido)pentanedioic acid	0.3252
LINCSCP_17420	4LY1	0.3252
LINCSCP_51033	(3-Isopropoxyphenyl)(1-((5-methyl-1-propyl-1H-pyrazol-4-yl)methyl)piperidin-3-yl)methanone	0.3252
LINCSCP_106181	SCH-28080	0.325
LINCSCP_15034	MK-212	0.325
LINCSCP_10964	HG-5-88-01	0.325
LINCSCP_311556	CHEMBL3184251	0.325
LINCSCP_282075	EO 1428	0.3249
LINCSCP_7905	BRD-K74271701	0.3249
LINCSCP_49094	MLS003130126	0.3248
LINCSCP_287838	Gossypol	0.3247
LINCSCP_8672	BRD-K57502578	0.3245
LINCSCP_153007	Hydroxyprogesterone Caproate	0.3244
LINCSCP_312458	BRD-K30150248	0.3243
LINCSCP_21480	SPECTRUM2_001084	0.3242
LINCSCP_2666	Wiskostatin	0.3242
LINCSCP_45533	VU0418947-2	0.3241
LINCSCP_65953	BRD-K31749518	0.3241
LINCSCP_7859	BRD-K53501402	0.3241
LINCSCP_44608	Proscillaridin A	0.3239
LINCSCP_13006	SKF 81297	0.3238
LINCSCP_4819	N-(Carboxycarbonyl)-d-phenylalanine	0.3238
LINCSCP_7602	Flufenamic acid	0.3237
LINCSCP_5943	CHEMDIV1_009700	0.3237
LINCSCP_291874	SMR001317718	0.3236
LINCSCP_199284	BRD-K32253397	0.3235
LINCSCP_193857	BRD-K54674054	0.3234
LINCSCP_155727	TAK-733	0.3233
LINCSCP_4289	Periplocymarin	0.3232
LINCSCP_268365	MLS003153125	0.3232
LINCSCP_3887	ENMD-2076	0.3231
LINCSCP_16566	F3284-4453	0.323
LINCSCP_253865	BRD-K11264391	0.3229
LINCSCP_16471	CID_706244	0.3229
LINCSCP_36889	CHEMBL214378	0.3228
LINCSCP_18646	Verapamil	0.3228
LINCSCP_54257	CHEMBL1222381	0.3227
LINCSCP_44777	SPECTRUM_000819	0.3226
LINCSCP_178197	KUC104230	0.3224
LINCSCP_1132	MLS002415567	0.3224
LINCSCP_62877	CHEMBL3183442	0.3221
LINCSCP_61538	BRD-K90074540	0.322
LINCSCP_110013	Dequalinium	0.3217
LINCSCP_225381	KUC104235N	0.3216
LINCSCP_12617	Phloretin	0.3214
LINCSCP_53998	MST-312	0.3213
LINCSCP_61686	BRD-K22479833	0.3212
LINCSCP_32041	BRD-K30640165	0.3212
LINCSCP_24883	AT 7867	0.3212
LINCSCP_16080	SCHEMBL2557158	0.3212
